allele,seq_num,start,end,length,peptide,core,icore,score,rank
BoLA-2:01201,1,58,66,9,KAYDAELAK,KAYDAELAK,KAYDAELAK,0.930625,0.01
BoLA-T2c,1,4,12,9,TLVLSLVAL,TLVLSLVAL,TLVLSLVAL,0.881864,0.09
BoLA-2:01201,1,49,57,9,KAADALAVK,KAADALAVK,KAADALAVK,0.868335,0.04
BoLA-1:02301,1,1,9,9,MKKTLVLSL,MKKTLVLSL,MKKTLVLSL,0.844778,0.03
BoLA-1:00901,1,11,19,9,ALVAGCSAH,ALVAGCSAH,ALVAGCSAH,0.717296,0.11
BoLA-2:01201,1,50,58,9,AADALAVKK,AADALAVKK,AADALAVKK,0.707276,0.15
BoLA-1:02301,1,56,64,9,VKKAYDAEL,VKKAYDAEL,VKKAYDAEL,0.703781,0.11
BoLA-6:01401,1,46,54,9,AEQKAADAL,AEQKAADAL,AEQKAADAL,0.469078,0.06
BoLA-T2c,1,26,34,9,AVDSGKLTF,AVDSGKLTF,AVDSGKLTF,0.422688,1.2
BoLA-6:01301,1,1,9,9,MKKTLVLSL,MKKTLVLSL,MKKTLVLSL,0.343023,0.64
BoLA-T2c,1,19,27,9,HQDAAPAAV,HQDAAPAAV,HQDAAPAAV,0.332628,1.7
BoLA-T2c,1,1,9,9,MKKTLVLSL,MKKTLVLSL,MKKTLVLSL,0.291931,2.1
BoLA-T2c,1,5,13,9,LVLSLVALV,LVLSLVALV,LVLSLVALV,0.263584,2.3
BoLA-1:02801,1,19,27,9,HQDAAPAAV,HQDAAPAAV,HQDAAPAAV,0.202308,0.15
BoLA-1:02801,1,46,54,9,AEQKAADAL,AEQKAADAL,AEQKAADAL,0.192763,0.17
BoLA-1:00901,1,26,34,9,AVDSGKLTF,AVDSGKLTF,AVDSGKLTF,0.188852,0.91
BoLA-1:02301,1,48,56,9,QKAADALAV,QKAADALAV,QKAADALAV,0.176954,1.4
BoLA-2:02501,1,1,9,9,MKKTLVLSL,MKKTLVLSL,MKKTLVLSL,0.175341,0.18
BoLA-3:01701,1,14,22,9,AGCSAHQDA,AGCSAHQDA,AGCSAHQDA,0.155553,0.64
BoLA-1:02301,1,19,27,9,HQDAAPAAV,HQDAAPAAV,HQDAAPAAV,0.147317,1.7
BoLA-T2c,1,52,60,9,DALAVKKAY,DALAVKKAY,DALAVKKAY,0.147138,4.3
BoLA-6:01401,1,19,27,9,HQDAAPAAV,HQDAAPAAV,HQDAAPAAV,0.146864,0.73
BoLA-1:02301,1,26,34,9,AVDSGKLTF,AVDSGKLTF,AVDSGKLTF,0.130415,1.9
BoLA-T2c,1,35,43,9,EAGKVTVDV,EAGKVTVDV,EAGKVTVDV,0.130338,4.8
BoLA-1:00901,1,58,66,9,KAYDAELAK,KAYDAELAK,KAYDAELAK,0.125596,1.3
BoLA-T7,1,26,34,9,AVDSGKLTF,AVDSGKLTF,AVDSGKLTF,0.121992,0.96
BoLA-6:01401,1,60,68,9,YDAELAKKA,YDAELAKKA,YDAELAKKA,0.120645,0.93
BoLA-T2c,1,33,41,9,TFEAGKVTV,TFEAGKVTV,TFEAGKVTV,0.118984,5.1
BoLA-6:01301,1,56,64,9,VKKAYDAEL,VKKAYDAEL,VKKAYDAEL,0.115741,1.8
BoLA-3:00201,1,1,9,9,MKKTLVLSL,MKKTLVLSL,MKKTLVLSL,0.112903,1.9
BoLA-1:02301,1,52,60,9,DALAVKKAY,DALAVKKAY,DALAVKKAY,0.112263,2.2
BoLA-T2c,1,46,54,9,AEQKAADAL,AEQKAADAL,AEQKAADAL,0.102446,5.7
BoLA-2:02501,1,56,64,9,VKKAYDAEL,VKKAYDAEL,VKKAYDAEL,0.097978,0.43
BoLA-T7,1,4,12,9,TLVLSLVAL,TLVLSLVAL,TLVLSLVAL,0.096797,1.4
BoLA-1:02801,1,26,34,9,AVDSGKLTF,AVDSGKLTF,AVDSGKLTF,0.096707,0.5
BoLA-T2c,1,56,64,9,VKKAYDAEL,VKKAYDAEL,VKKAYDAEL,0.09669,5.9
BoLA-1:02801,1,1,9,9,MKKTLVLSL,MKKTLVLSL,MKKTLVLSL,0.096683,0.5
BoLA-6:01401,1,51,59,9,ADALAVKKA,ADALAVKKA,ADALAVKKA,0.096362,1.3
BoLA-1:00901,1,52,60,9,DALAVKKAY,DALAVKKAY,DALAVKKAY,0.094659,1.7
BoLA-3:01701,1,82,90,9,AADEAKKAA,AADEAKKAA,AADEAKKAA,0.094443,1.2
BoLA-3:01701,1,75,83,9,AADEAKKAA,AADEAKKAA,AADEAKKAA,0.094443,1.2
BoLA-3:01701,1,68,76,9,AADEAKKAA,AADEAKKAA,AADEAKKAA,0.094443,1.2
BoLA-T7,1,19,27,9,HQDAAPAAV,HQDAAPAAV,HQDAAPAAV,0.092539,1.5
BoLA-6:01401,1,47,55,9,EQKAADALA,EQKAADALA,EQKAADALA,0.092405,1.3
BoLA-2:02501,1,26,34,9,AVDSGKLTF,AVDSGKLTF,AVDSGKLTF,0.08702,0.52
BoLA-1:02301,1,46,54,9,AEQKAADAL,AEQKAADAL,AEQKAADAL,0.082957,2.8
BoLA-6:01301,1,4,12,9,TLVLSLVAL,TLVLSLVAL,TLVLSLVAL,0.082849,2.3
BoLA-1:02301,1,2,10,9,KKTLVLSLV,KKTLVLSLV,KKTLVLSLV,0.081282,2.8
BoLA-1:00901,1,19,27,9,HQDAAPAAV,HQDAAPAAV,HQDAAPAAV,0.079597,1.9
BoLA-1:02301,1,11,19,9,ALVAGCSAH,ALVAGCSAH,ALVAGCSAH,0.07561,3.0
BoLA-3:01701,1,17,25,9,SAHQDAAPA,SAHQDAAPA,SAHQDAAPA,0.074803,1.5
BoLA-1:00901,1,1,9,9,MKKTLVLSL,MKKTLVLSL,MKKTLVLSL,0.07377,2.1
BoLA-1:02301,1,18,26,9,AHQDAAPAA,AHQDAAPAA,AHQDAAPAA,0.072649,3.1
BoLA-2:01201,1,3,11,9,KTLVLSLVA,KTLVLSLVA,KTLVLSLVA,0.067198,3.8
BoLA-6:01401,1,82,90,9,AADEAKKAA,AADEAKKAA,AADEAKKAA,0.066875,1.7
BoLA-6:01401,1,75,83,9,AADEAKKAA,AADEAKKAA,AADEAKKAA,0.066875,1.7
BoLA-6:01401,1,68,76,9,AADEAKKAA,AADEAKKAA,AADEAKKAA,0.066875,1.7
BoLA-2:01201,1,26,34,9,AVDSGKLTF,AVDSGKLTF,AVDSGKLTF,0.06273,3.9
BoLA-3:00201,1,4,12,9,TLVLSLVAL,TLVLSLVAL,TLVLSLVAL,0.062692,3.4
BoLA-2:01801,1,35,43,9,EAGKVTVDV,EAGKVTVDV,EAGKVTVDV,0.062126,2.1
BoLA-2:01801,1,19,27,9,HQDAAPAAV,HQDAAPAAV,HQDAAPAAV,0.061273,2.1
BoLA-2:02501,1,46,54,9,AEQKAADAL,AEQKAADAL,AEQKAADAL,0.059242,0.93
BoLA-2:02501,1,19,27,9,HQDAAPAAV,HQDAAPAAV,HQDAAPAAV,0.05797,0.96
BoLA-3:01701,1,81,89,9,KAADEAKKA,KAADEAKKA,KAADEAKKA,0.055727,2.0
BoLA-3:01701,1,74,82,9,KAADEAKKA,KAADEAKKA,KAADEAKKA,0.055727,2.0
BoLA-3:01701,1,67,75,9,KAADEAKKA,KAADEAKKA,KAADEAKKA,0.055727,2.0
BoLA-1:02301,1,86,94,9,AKKAADEAK,AKKAADEAK,AKKAADEAK,0.054478,3.8
BoLA-1:02301,1,79,87,9,AKKAADEAK,AKKAADEAK,AKKAADEAK,0.054478,3.8
BoLA-1:02301,1,72,80,9,AKKAADEAK,AKKAADEAK,AKKAADEAK,0.054478,3.8
BoLA-1:02301,1,65,73,9,AKKAADEAK,AKKAADEAK,AKKAADEAK,0.054478,3.8
BoLA-3:01701,1,28,36,9,DSGKLTFEA,DSGKLTFEA,DSGKLTFEA,0.054307,2.0
BoLA-6:01301,1,46,54,9,AEQKAADAL,AEQKAADAL,AEQKAADAL,0.053824,3.0
BoLA-3:01701,1,18,26,9,AHQDAAPAA,AHQDAAPAA,AHQDAAPAA,0.052819,2.1
BoLA-1:02301,1,58,66,9,KAYDAELAK,KAYDAELAK,KAYDAELAK,0.051832,3.9
BoLA-2:01201,1,23,31,9,APAAVDSGK,APAAVDSGK,APAAVDSGK,0.050196,4.5
BoLA-T2c,1,6,14,9,VLSLVALVA,VLSLVALVA,VLSLVALVA,0.049042,9.0
BoLA-3:01701,1,64,72,9,LAKKAADEA,LAKKAADEA,LAKKAADEA,0.048417,2.3
BoLA-3:01701,1,19,27,9,HQDAAPAAV,HQDAAPAAV,HQDAAPAAV,0.047529,2.3
BoLA-T7,1,5,13,9,LVLSLVALV,LVLSLVALV,LVLSLVALV,0.046794,3.4
BoLA-2:01801,1,26,34,9,AVDSGKLTF,AVDSGKLTF,AVDSGKLTF,0.046564,2.6
BoLA-6:01401,1,18,26,9,AHQDAAPAA,AHQDAAPAA,AHQDAAPAA,0.04498,2.4
BoLA-3:01701,1,29,37,9,SGKLTFEAG,SGKLTFEAG,SGKLTFEAG,0.042669,2.6
BoLA-2:01201,1,39,47,9,VTVDVSTAE,VTVDVSTAE,VTVDVSTAE,0.042457,5.0
BoLA-T2c,1,31,39,9,KLTFEAGKV,KLTFEAGKV,KLTFEAGKV,0.041898,9.9
BoLA-1:02301,1,37,45,9,GKVTVDVST,GKVTVDVST,GKVTVDVST,0.04158,4.6
BoLA-1:02801,1,56,64,9,VKKAYDAEL,VKKAYDAEL,VKKAYDAEL,0.04111,1.4
BoLA-T2c,1,8,16,9,SLVALVAGC,SLVALVAGC,SLVALVAGC,0.040875,10
BoLA-T2c,1,17,25,9,SAHQDAAPA,SAHQDAAPA,SAHQDAAPA,0.040664,10
BoLA-3:01701,1,36,44,9,AGKVTVDVS,AGKVTVDVS,AGKVTVDVS,0.039488,2.8
BoLA-3:01701,1,85,93,9,EAKKAADEA,EAKKAADEA,EAKKAADEA,0.039446,2.8
BoLA-3:01701,1,78,86,9,EAKKAADEA,EAKKAADEA,EAKKAADEA,0.039446,2.8
BoLA-3:01701,1,71,79,9,EAKKAADEA,EAKKAADEA,EAKKAADEA,0.039446,2.8
BoLA-T7,1,33,41,9,TFEAGKVTV,TFEAGKVTV,TFEAGKVTV,0.038748,4.2
BoLA-3:01701,1,1,9,9,MKKTLVLSL,MKKTLVLSL,MKKTLVLSL,0.038219,2.9
BoLA-3:00101,1,1,9,9,MKKTLVLSL,MKKTLVLSL,MKKTLVLSL,0.038002,0.78
BoLA-6:01401,1,26,34,9,AVDSGKLTF,AVDSGKLTF,AVDSGKLTF,0.037641,2.8
BoLA-T2c,1,28,36,9,DSGKLTFEA,DSGKLTFEA,DSGKLTFEA,0.036326,11
BoLA-2:01201,1,30,38,9,GKLTFEAGK,GKLTFEAGK,GKLTFEAGK,0.036268,5.5
BoLA-2:01201,1,41,49,9,VDVSTAEQK,VDVSTAEQK,VDVSTAEQK,0.035305,5.5
BoLA-3:00201,1,26,34,9,AVDSGKLTF,AVDSGKLTF,AVDSGKLTF,0.034103,5.5
BoLA-T2c,1,85,93,9,EAKKAADEA,EAKKAADEA,EAKKAADEA,0.033953,11
BoLA-T2c,1,78,86,9,EAKKAADEA,EAKKAADEA,EAKKAADEA,0.033953,11
BoLA-T2c,1,71,79,9,EAKKAADEA,EAKKAADEA,EAKKAADEA,0.033953,11
BoLA-T7,1,1,9,9,MKKTLVLSL,MKKTLVLSL,MKKTLVLSL,0.033354,4.8
BoLA-2:01201,1,59,67,9,AYDAELAKK,AYDAELAKK,AYDAELAKK,0.032421,5.8
BoLA-6:01401,1,17,25,9,SAHQDAAPA,SAHQDAAPA,SAHQDAAPA,0.031374,3.2
BoLA-2:01201,1,87,95,9,KKAADEAKK,KKAADEAKK,KKAADEAKK,0.029017,6.2
BoLA-2:01201,1,80,88,9,KKAADEAKK,KKAADEAKK,KKAADEAKK,0.029017,6.2
BoLA-2:01201,1,73,81,9,KKAADEAKK,KKAADEAKK,KKAADEAKK,0.029017,6.2
BoLA-2:01201,1,66,74,9,KKAADEAKK,KKAADEAKK,KKAADEAKK,0.029017,6.2
BoLA-T7,1,35,43,9,EAGKVTVDV,EAGKVTVDV,EAGKVTVDV,0.028967,5.4
BoLA-T2c,1,42,50,9,DVSTAEQKA,DVSTAEQKA,DVSTAEQKA,0.028706,12
BoLA-2:02501,1,11,19,9,ALVAGCSAH,ALVAGCSAH,ALVAGCSAH,0.027815,2.4
BoLA-6:01401,1,85,93,9,EAKKAADEA,EAKKAADEA,EAKKAADEA,0.026771,3.6
BoLA-6:01401,1,78,86,9,EAKKAADEA,EAKKAADEA,EAKKAADEA,0.026771,3.6
BoLA-6:01401,1,71,79,9,EAKKAADEA,EAKKAADEA,EAKKAADEA,0.026771,3.6
BoLA-T2c,1,32,40,9,LTFEAGKVT,LTFEAGKVT,LTFEAGKVT,0.025704,13
BoLA-3:01701,1,10,18,9,VALVAGCSA,VALVAGCSA,VALVAGCSA,0.025129,4.1
BoLA-3:01701,1,35,43,9,EAGKVTVDV,EAGKVTVDV,EAGKVTVDV,0.025095,4.1
BoLA-T2c,1,82,90,9,AADEAKKAA,AADEAKKAA,AADEAKKAA,0.025027,13
BoLA-T2c,1,75,83,9,AADEAKKAA,AADEAKKAA,AADEAKKAA,0.025027,13
BoLA-T2c,1,68,76,9,AADEAKKAA,AADEAKKAA,AADEAKKAA,0.025027,13
BoLA-3:01701,1,43,51,9,VSTAEQKAA,VSTAEQKAA,VSTAEQKAA,0.024819,4.2
BoLA-3:01701,1,26,34,9,AVDSGKLTF,AVDSGKLTF,AVDSGKLTF,0.024645,4.2
BoLA-1:00901,1,49,57,9,KAADALAVK,KAADALAVK,KAADALAVK,0.024489,4.4
BoLA-1:02801,1,2,10,9,KKTLVLSLV,KKTLVLSLV,KKTLVLSLV,0.024477,2.2
BoLA-3:01701,1,48,56,9,QKAADALAV,QKAADALAV,QKAADALAV,0.02392,4.3
BoLA-2:01801,1,46,54,9,AEQKAADAL,AEQKAADAL,AEQKAADAL,0.023082,4.2
BoLA-3:00201,1,19,27,9,HQDAAPAAV,HQDAAPAAV,HQDAAPAAV,0.022852,7.4
BoLA-2:01801,1,52,60,9,DALAVKKAY,DALAVKKAY,DALAVKKAY,0.022533,4.2
BoLA-3:01701,1,60,68,9,YDAELAKKA,YDAELAKKA,YDAELAKKA,0.022427,4.5
BoLA-3:00201,1,56,64,9,VKKAYDAEL,VKKAYDAEL,VKKAYDAEL,0.022376,7.5
BoLA-6:01301,1,26,34,9,AVDSGKLTF,AVDSGKLTF,AVDSGKLTF,0.022353,4.9
BoLA-1:02301,1,4,12,9,TLVLSLVAL,TLVLSLVAL,TLVLSLVAL,0.021878,6.7
BoLA-1:00901,1,4,12,9,TLVLSLVAL,TLVLSLVAL,TLVLSLVAL,0.021378,4.8
BoLA-3:01701,1,3,11,9,KTLVLSLVA,KTLVLSLVA,KTLVLSLVA,0.020807,4.8
BoLA-6:01301,1,19,27,9,HQDAAPAAV,HQDAAPAAV,HQDAAPAAV,0.020499,5.1
BoLA-3:00201,1,5,13,9,LVLSLVALV,LVLSLVALV,LVLSLVALV,0.019586,8.2
BoLA-1:00901,1,46,54,9,AEQKAADAL,AEQKAADAL,AEQKAADAL,0.019202,5.1
BoLA-T7,1,31,39,9,KLTFEAGKV,KLTFEAGKV,KLTFEAGKV,0.018712,7.3
BoLA-2:01201,1,52,60,9,DALAVKKAY,DALAVKKAY,DALAVKKAY,0.018296,7.8
BoLA-1:02301,1,47,55,9,EQKAADALA,EQKAADALA,EQKAADALA,0.018245,7.4
BoLA-3:00101,1,26,34,9,AVDSGKLTF,AVDSGKLTF,AVDSGKLTF,0.017778,2.0
BoLA-1:02301,1,57,65,9,KKAYDAELA,KKAYDAELA,KKAYDAELA,0.017722,7.5
BoLA-T2c,1,47,55,9,EQKAADALA,EQKAADALA,EQKAADALA,0.017716,15
BoLA-2:02501,1,18,26,9,AHQDAAPAA,AHQDAAPAA,AHQDAAPAA,0.017499,3.6
BoLA-1:02801,1,48,56,9,QKAADALAV,QKAADALAV,QKAADALAV,0.017007,2.9
BoLA-2:01801,1,82,90,9,AADEAKKAA,AADEAKKAA,AADEAKKAA,0.016996,5.1
BoLA-2:01801,1,75,83,9,AADEAKKAA,AADEAKKAA,AADEAKKAA,0.016996,5.1
BoLA-2:01801,1,68,76,9,AADEAKKAA,AADEAKKAA,AADEAKKAA,0.016996,5.1
BoLA-2:01801,1,85,93,9,EAKKAADEA,EAKKAADEA,EAKKAADEA,0.01699,5.1
BoLA-2:01801,1,78,86,9,EAKKAADEA,EAKKAADEA,EAKKAADEA,0.01699,5.1
BoLA-2:01801,1,71,79,9,EAKKAADEA,EAKKAADEA,EAKKAADEA,0.01699,5.1
BoLA-6:01401,1,34,42,9,FEAGKVTVD,FEAGKVTVD,FEAGKVTVD,0.016403,5.1
BoLA-3:01701,1,56,64,9,VKKAYDAEL,VKKAYDAEL,VKKAYDAEL,0.016402,5.8
BoLA-6:01401,1,81,89,9,KAADEAKKA,KAADEAKKA,KAADEAKKA,0.01636,5.1
BoLA-6:01401,1,74,82,9,KAADEAKKA,KAADEAKKA,KAADEAKKA,0.01636,5.1
BoLA-6:01401,1,67,75,9,KAADEAKKA,KAADEAKKA,KAADEAKKA,0.01636,5.1
BoLA-3:01701,1,54,62,9,LAVKKAYDA,LAVKKAYDA,LAVKKAYDA,0.016102,5.9
BoLA-T2c,1,64,72,9,LAKKAADEA,LAKKAADEA,LAKKAADEA,0.015976,16
BoLA-T2c,1,24,32,9,PAAVDSGKL,PAAVDSGKL,PAAVDSGKL,0.015885,16
BoLA-2:01801,1,1,9,9,MKKTLVLSL,MKKTLVLSL,MKKTLVLSL,0.015632,5.3
BoLA-1:00901,1,18,26,9,AHQDAAPAA,AHQDAAPAA,AHQDAAPAA,0.015328,5.8
BoLA-T2c,1,48,56,9,QKAADALAV,QKAADALAV,QKAADALAV,0.014885,16
BoLA-T7,1,24,32,9,PAAVDSGKL,PAAVDSGKL,PAAVDSGKL,0.014847,8.5
BoLA-T2c,1,39,47,9,VTVDVSTAE,VTVDVSTAE,VTVDVSTAE,0.014791,16
BoLA-T7,1,17,25,9,SAHQDAAPA,SAHQDAAPA,SAHQDAAPA,0.014309,8.7
BoLA-1:00901,1,50,58,9,AADALAVKK,AADALAVKK,AADALAVKK,0.014217,6.1
BoLA-1:02301,1,81,89,9,KAADEAKKA,KAADEAKKA,KAADEAKKA,0.013931,8.7
BoLA-1:02301,1,74,82,9,KAADEAKKA,KAADEAKKA,KAADEAKKA,0.013931,8.7
BoLA-1:02301,1,67,75,9,KAADEAKKA,KAADEAKKA,KAADEAKKA,0.013931,8.7
BoLA-2:02501,1,4,12,9,TLVLSLVAL,TLVLSLVAL,TLVLSLVAL,0.013847,4.3
BoLA-2:02501,1,48,56,9,QKAADALAV,QKAADALAV,QKAADALAV,0.013838,4.3
BoLA-T2c,1,18,26,9,AHQDAAPAA,AHQDAAPAA,AHQDAAPAA,0.013667,17
BoLA-2:02501,1,52,60,9,DALAVKKAY,DALAVKKAY,DALAVKKAY,0.01338,4.4
BoLA-2:01801,1,61,69,9,DAELAKKAA,DAELAKKAA,DAELAKKAA,0.013238,5.9
BoLA-T2c,1,58,66,9,KAYDAELAK,KAYDAELAK,KAYDAELAK,0.013175,17
BoLA-3:00201,1,46,54,9,AEQKAADAL,AEQKAADAL,AEQKAADAL,0.013116,11
BoLA-2:01801,1,33,41,9,TFEAGKVTV,TFEAGKVTV,TFEAGKVTV,0.013091,5.9
BoLA-3:00201,1,3,11,9,KTLVLSLVA,KTLVLSLVA,KTLVLSLVA,0.013063,11
BoLA-3:01701,1,33,41,9,TFEAGKVTV,TFEAGKVTV,TFEAGKVTV,0.012841,7.0
BoLA-6:01401,1,62,70,9,AELAKKAAD,AELAKKAAD,AELAKKAAD,0.012832,6.1
BoLA-3:01701,1,45,53,9,TAEQKAADA,TAEQKAADA,TAEQKAADA,0.012526,7.1
BoLA-6:01401,1,1,9,9,MKKTLVLSL,MKKTLVLSL,MKKTLVLSL,0.012358,6.2
BoLA-1:00901,1,56,64,9,VKKAYDAEL,VKKAYDAEL,VKKAYDAEL,0.012081,6.7
BoLA-2:01801,1,42,50,9,DVSTAEQKA,DVSTAEQKA,DVSTAEQKA,0.011358,6.4
BoLA-6:01401,1,25,33,9,AAVDSGKLT,AAVDSGKLT,AAVDSGKLT,0.011255,6.6
BoLA-T2c,1,38,46,9,KVTVDVSTA,KVTVDVSTA,KVTVDVSTA,0.011241,18
BoLA-T2c,1,10,18,9,VALVAGCSA,VALVAGCSA,VALVAGCSA,0.010946,18
BoLA-2:01201,1,40,48,9,TVDVSTAEQ,TVDVSTAEQ,TVDVSTAEQ,0.010882,11
BoLA-1:02801,1,4,12,9,TLVLSLVAL,TLVLSLVAL,TLVLSLVAL,0.010764,4.2
BoLA-1:02301,1,82,90,9,AADEAKKAA,AADEAKKAA,AADEAKKAA,0.010659,10
BoLA-1:02301,1,75,83,9,AADEAKKAA,AADEAKKAA,AADEAKKAA,0.010659,10
BoLA-1:02301,1,68,76,9,AADEAKKAA,AADEAKKAA,AADEAKKAA,0.010659,10
BoLA-3:00201,1,35,43,9,EAGKVTVDV,EAGKVTVDV,EAGKVTVDV,0.010514,12
BoLA-T7,1,56,64,9,VKKAYDAEL,VKKAYDAEL,VKKAYDAEL,0.010223,11
BoLA-3:00101,1,4,12,9,TLVLSLVAL,TLVLSLVAL,TLVLSLVAL,0.010152,3.5
BoLA-3:01701,1,38,46,9,KVTVDVSTA,KVTVDVSTA,KVTVDVSTA,0.009996,8.3
BoLA-1:00901,1,17,25,9,SAHQDAAPA,SAHQDAAPA,SAHQDAAPA,0.009933,7.5
BoLA-1:02301,1,30,38,9,GKLTFEAGK,GKLTFEAGK,GKLTFEAGK,0.009914,11
BoLA-1:02301,1,49,57,9,KAADALAVK,KAADALAVK,KAADALAVK,0.009912,11
BoLA-3:00101,1,19,27,9,HQDAAPAAV,HQDAAPAAV,HQDAAPAAV,0.009443,3.7
BoLA-2:01801,1,81,89,9,KAADEAKKA,KAADEAKKA,KAADEAKKA,0.009144,7.3
BoLA-2:01801,1,74,82,9,KAADEAKKA,KAADEAKKA,KAADEAKKA,0.009144,7.3
BoLA-2:01801,1,67,75,9,KAADEAKKA,KAADEAKKA,KAADEAKKA,0.009144,7.3
BoLA-3:00201,1,2,10,9,KKTLVLSLV,KKTLVLSLV,KKTLVLSLV,0.008953,13
BoLA-3:01701,1,61,69,9,DAELAKKAA,DAELAKKAA,DAELAKKAA,0.008823,9.0
BoLA-T7,1,52,60,9,DALAVKKAY,DALAVKKAY,DALAVKKAY,0.008762,12
BoLA-3:01701,1,25,33,9,AAVDSGKLT,AAVDSGKLT,AAVDSGKLT,0.008752,9.0
BoLA-1:02301,1,87,95,9,KKAADEAKK,KKAADEAKK,KKAADEAKK,0.008428,12
BoLA-1:02301,1,80,88,9,KKAADEAKK,KKAADEAKK,KKAADEAKK,0.008428,12
BoLA-1:02301,1,73,81,9,KKAADEAKK,KKAADEAKK,KKAADEAKK,0.008428,12
BoLA-1:02301,1,66,74,9,KKAADEAKK,KKAADEAKK,KKAADEAKK,0.008428,12
BoLA-3:01701,1,51,59,9,ADALAVKKA,ADALAVKKA,ADALAVKKA,0.008362,9.2
BoLA-3:01701,1,46,54,9,AEQKAADAL,AEQKAADAL,AEQKAADAL,0.00833,9.3
BoLA-T2c,1,54,62,9,LAVKKAYDA,LAVKKAYDA,LAVKKAYDA,0.008274,20
BoLA-2:01801,1,60,68,9,YDAELAKKA,YDAELAKKA,YDAELAKKA,0.00818,7.8
BoLA-1:00901,1,82,90,9,AADEAKKAA,AADEAKKAA,AADEAKKAA,0.008001,8.4
BoLA-1:00901,1,75,83,9,AADEAKKAA,AADEAKKAA,AADEAKKAA,0.008001,8.4
BoLA-1:00901,1,68,76,9,AADEAKKAA,AADEAKKAA,AADEAKKAA,0.008001,8.4
BoLA-T2c,1,61,69,9,DAELAKKAA,DAELAKKAA,DAELAKKAA,0.007975,21
BoLA-T2c,1,81,89,9,KAADEAKKA,KAADEAKKA,KAADEAKKA,0.007875,21
BoLA-T2c,1,74,82,9,KAADEAKKA,KAADEAKKA,KAADEAKKA,0.007875,21
BoLA-T2c,1,67,75,9,KAADEAKKA,KAADEAKKA,KAADEAKKA,0.007875,21
BoLA-T2c,1,40,48,9,TVDVSTAEQ,TVDVSTAEQ,TVDVSTAEQ,0.007732,21
BoLA-3:00201,1,28,36,9,DSGKLTFEA,DSGKLTFEA,DSGKLTFEA,0.007717,14
BoLA-1:00901,1,48,56,9,QKAADALAV,QKAADALAV,QKAADALAV,0.007678,8.6
BoLA-3:01701,1,2,10,9,KKTLVLSLV,KKTLVLSLV,KKTLVLSLV,0.007569,9.8
BoLA-T2c,1,11,19,9,ALVAGCSAH,ALVAGCSAH,ALVAGCSAH,0.007249,21
BoLA-3:01701,1,6,14,9,VLSLVALVA,VLSLVALVA,VLSLVALVA,0.007174,11
BoLA-T2c,1,25,33,9,AAVDSGKLT,AAVDSGKLT,AAVDSGKLT,0.00711,22
BoLA-2:01801,1,5,13,9,LVLSLVALV,LVLSLVALV,LVLSLVALV,0.006987,8.5
BoLA-3:00201,1,52,60,9,DALAVKKAY,DALAVKKAY,DALAVKKAY,0.00683,15
BoLA-T7,1,32,40,9,LTFEAGKVT,LTFEAGKVT,LTFEAGKVT,0.006823,14
BoLA-2:01201,1,1,9,9,MKKTLVLSL,MKKTLVLSL,MKKTLVLSL,0.006757,13
BoLA-6:01401,1,64,72,9,LAKKAADEA,LAKKAADEA,LAKKAADEA,0.00651,9.4
BoLA-3:00101,1,33,41,9,TFEAGKVTV,TFEAGKVTV,TFEAGKVTV,0.006458,5.2
BoLA-T2c,1,50,58,9,AADALAVKK,AADALAVKK,AADALAVKK,0.006451,22
BoLA-2:01201,1,32,40,9,LTFEAGKVT,LTFEAGKVT,LTFEAGKVT,0.006424,13
BoLA-1:02301,1,17,25,9,SAHQDAAPA,SAHQDAAPA,SAHQDAAPA,0.006321,13
BoLA-3:01701,1,42,50,9,DVSTAEQKA,DVSTAEQKA,DVSTAEQKA,0.006316,11
BoLA-T2c,1,60,68,9,YDAELAKKA,YDAELAKKA,YDAELAKKA,0.006043,23
BoLA-3:00101,1,56,64,9,VKKAYDAEL,VKKAYDAEL,VKKAYDAEL,0.005999,5.5
BoLA-T7,1,82,90,9,AADEAKKAA,AADEAKKAA,AADEAKKAA,0.005996,14
BoLA-T7,1,75,83,9,AADEAKKAA,AADEAKKAA,AADEAKKAA,0.005996,14
BoLA-T7,1,68,76,9,AADEAKKAA,AADEAKKAA,AADEAKKAA,0.005996,14
BoLA-2:01201,1,12,20,9,LVAGCSAHQ,LVAGCSAHQ,LVAGCSAHQ,0.005952,14
BoLA-T2c,1,3,11,9,KTLVLSLVA,KTLVLSLVA,KTLVLSLVA,0.005948,23
BoLA-2:02501,1,82,90,9,AADEAKKAA,AADEAKKAA,AADEAKKAA,0.005889,8.0
BoLA-2:02501,1,75,83,9,AADEAKKAA,AADEAKKAA,AADEAKKAA,0.005889,8.0
BoLA-2:02501,1,68,76,9,AADEAKKAA,AADEAKKAA,AADEAKKAA,0.005889,8.0
BoLA-1:00901,1,47,55,9,EQKAADALA,EQKAADALA,EQKAADALA,0.005867,9.9
BoLA-6:01401,1,61,69,9,DAELAKKAA,DAELAKKAA,DAELAKKAA,0.005827,10
BoLA-2:02501,1,17,25,9,SAHQDAAPA,SAHQDAAPA,SAHQDAAPA,0.005765,8.1
BoLA-1:00901,1,86,94,9,AKKAADEAK,AKKAADEAK,AKKAADEAK,0.005747,10
BoLA-1:00901,1,79,87,9,AKKAADEAK,AKKAADEAK,AKKAADEAK,0.005747,10
BoLA-1:00901,1,72,80,9,AKKAADEAK,AKKAADEAK,AKKAADEAK,0.005747,10
BoLA-1:00901,1,65,73,9,AKKAADEAK,AKKAADEAK,AKKAADEAK,0.005747,10
BoLA-2:01801,1,24,32,9,PAAVDSGKL,PAAVDSGKL,PAAVDSGKL,0.005738,9.4
BoLA-2:01801,1,28,36,9,DSGKLTFEA,DSGKLTFEA,DSGKLTFEA,0.005733,9.4
BoLA-6:01401,1,3,11,9,KTLVLSLVA,KTLVLSLVA,KTLVLSLVA,0.005712,11
BoLA-3:00201,1,24,32,9,PAAVDSGKL,PAAVDSGKL,PAAVDSGKL,0.005695,17
BoLA-2:02501,1,2,10,9,KKTLVLSLV,KKTLVLSLV,KKTLVLSLV,0.005611,8.2
BoLA-3:01701,1,50,58,9,AADALAVKK,AADALAVKK,AADALAVKK,0.005583,12
BoLA-1:00901,1,81,89,9,KAADEAKKA,KAADEAKKA,KAADEAKKA,0.005526,11
BoLA-1:00901,1,74,82,9,KAADEAKKA,KAADEAKKA,KAADEAKKA,0.005526,11
BoLA-1:00901,1,67,75,9,KAADEAKKA,KAADEAKKA,KAADEAKKA,0.005526,11
BoLA-6:01401,1,48,56,9,QKAADALAV,QKAADALAV,QKAADALAV,0.005508,11
BoLA-2:01201,1,5,13,9,LVLSLVALV,LVLSLVALV,LVLSLVALV,0.005475,14
BoLA-3:01701,1,58,66,9,KAYDAELAK,KAYDAELAK,KAYDAELAK,0.005337,12
BoLA-1:00901,1,6,14,9,VLSLVALVA,VLSLVALVA,VLSLVALVA,0.005326,11
BoLA-T2c,1,49,57,9,KAADALAVK,KAADALAVK,KAADALAVK,0.005274,24
BoLA-3:01701,1,32,40,9,LTFEAGKVT,LTFEAGKVT,LTFEAGKVT,0.005252,13
BoLA-2:01201,1,11,19,9,ALVAGCSAH,ALVAGCSAH,ALVAGCSAH,0.00524,15
BoLA-3:00201,1,22,30,9,AAPAAVDSG,AAPAAVDSG,AAPAAVDSG,0.005226,18
BoLA-2:01201,1,86,94,9,AKKAADEAK,AKKAADEAK,AKKAADEAK,0.005136,15
BoLA-2:01201,1,79,87,9,AKKAADEAK,AKKAADEAK,AKKAADEAK,0.005136,15
BoLA-2:01201,1,72,80,9,AKKAADEAK,AKKAADEAK,AKKAADEAK,0.005136,15
BoLA-2:01201,1,65,73,9,AKKAADEAK,AKKAADEAK,AKKAADEAK,0.005136,15
BoLA-2:01201,1,81,89,9,KAADEAKKA,KAADEAKKA,KAADEAKKA,0.005121,15
BoLA-2:01201,1,74,82,9,KAADEAKKA,KAADEAKKA,KAADEAKKA,0.005121,15
BoLA-2:01201,1,67,75,9,KAADEAKKA,KAADEAKKA,KAADEAKKA,0.005121,15
BoLA-2:01801,1,48,56,9,QKAADALAV,QKAADALAV,QKAADALAV,0.005025,10
BoLA-3:00201,1,17,25,9,SAHQDAAPA,SAHQDAAPA,SAHQDAAPA,0.004986,18
BoLA-3:00201,1,33,41,9,TFEAGKVTV,TFEAGKVTV,TFEAGKVTV,0.004981,18
BoLA-1:00901,1,32,40,9,LTFEAGKVT,LTFEAGKVT,LTFEAGKVT,0.004959,11
BoLA-6:01401,1,56,64,9,VKKAYDAEL,VKKAYDAEL,VKKAYDAEL,0.004884,12
BoLA-T7,1,42,50,9,DVSTAEQKA,DVSTAEQKA,DVSTAEQKA,0.004869,16
BoLA-6:01401,1,4,12,9,TLVLSLVAL,TLVLSLVAL,TLVLSLVAL,0.004845,12
BoLA-2:01201,1,55,63,9,AVKKAYDAE,AVKKAYDAE,AVKKAYDAE,0.004834,15
BoLA-6:01401,1,84,92,9,DEAKKAADE,DEAKKAADE,DEAKKAADE,0.004756,12
BoLA-6:01401,1,77,85,9,DEAKKAADE,DEAKKAADE,DEAKKAADE,0.004756,12
BoLA-6:01401,1,70,78,9,DEAKKAADE,DEAKKAADE,DEAKKAADE,0.004756,12
BoLA-2:01201,1,82,90,9,AADEAKKAA,AADEAKKAA,AADEAKKAA,0.004684,16
BoLA-2:01201,1,75,83,9,AADEAKKAA,AADEAKKAA,AADEAKKAA,0.004684,16
BoLA-2:01201,1,68,76,9,AADEAKKAA,AADEAKKAA,AADEAKKAA,0.004684,16
BoLA-3:00201,1,29,37,9,SGKLTFEAG,SGKLTFEAG,SGKLTFEAG,0.004667,19
BoLA-T7,1,85,93,9,EAKKAADEA,EAKKAADEA,EAKKAADEA,0.004598,16
BoLA-T7,1,78,86,9,EAKKAADEA,EAKKAADEA,EAKKAADEA,0.004598,16
BoLA-T7,1,71,79,9,EAKKAADEA,EAKKAADEA,EAKKAADEA,0.004598,16
BoLA-3:00201,1,58,66,9,KAYDAELAK,KAYDAELAK,KAYDAELAK,0.004585,19
BoLA-T7,1,64,72,9,LAKKAADEA,LAKKAADEA,LAKKAADEA,0.00458,16
BoLA-6:01401,1,45,53,9,TAEQKAADA,TAEQKAADA,TAEQKAADA,0.004572,12
BoLA-2:01201,1,17,25,9,SAHQDAAPA,SAHQDAAPA,SAHQDAAPA,0.004571,16
BoLA-1:00901,1,3,11,9,KTLVLSLVA,KTLVLSLVA,KTLVLSLVA,0.00453,12
BoLA-1:00901,1,55,63,9,AVKKAYDAE,AVKKAYDAE,AVKKAYDAE,0.004528,12
BoLA-6:01401,1,41,49,9,VDVSTAEQK,VDVSTAEQK,VDVSTAEQK,0.004474,12
BoLA-1:02801,1,18,26,9,AHQDAAPAA,AHQDAAPAA,AHQDAAPAA,0.00445,7.3
BoLA-2:01801,1,47,55,9,EQKAADALA,EQKAADALA,EQKAADALA,0.004427,11
BoLA-2:01201,1,38,46,9,KVTVDVSTA,KVTVDVSTA,KVTVDVSTA,0.004387,16
BoLA-2:02501,1,58,66,9,KAYDAELAK,KAYDAELAK,KAYDAELAK,0.004344,9.4
BoLA-2:01801,1,17,25,9,SAHQDAAPA,SAHQDAAPA,SAHQDAAPA,0.004336,11
BoLA-1:00901,1,40,48,9,TVDVSTAEQ,TVDVSTAEQ,TVDVSTAEQ,0.004251,12
BoLA-6:01401,1,28,36,9,DSGKLTFEA,DSGKLTFEA,DSGKLTFEA,0.004207,13
BoLA-1:02801,1,33,41,9,TFEAGKVTV,TFEAGKVTV,TFEAGKVTV,0.004197,7.5
BoLA-3:00101,1,46,54,9,AEQKAADAL,AEQKAADAL,AEQKAADAL,0.004068,7.4
BoLA-T7,1,54,62,9,LAVKKAYDA,LAVKKAYDA,LAVKKAYDA,0.004053,17
BoLA-2:01801,1,23,31,9,APAAVDSGK,APAAVDSGK,APAAVDSGK,0.004033,12
BoLA-T7,1,28,36,9,DSGKLTFEA,DSGKLTFEA,DSGKLTFEA,0.004006,17
BoLA-3:00101,1,2,10,9,KKTLVLSLV,KKTLVLSLV,KKTLVLSLV,0.00398,7.5
BoLA-1:02801,1,82,90,9,AADEAKKAA,AADEAKKAA,AADEAKKAA,0.00396,7.8
BoLA-1:02801,1,75,83,9,AADEAKKAA,AADEAKKAA,AADEAKKAA,0.00396,7.8
BoLA-1:02801,1,68,76,9,AADEAKKAA,AADEAKKAA,AADEAKKAA,0.00396,7.8
BoLA-2:01801,1,56,64,9,VKKAYDAEL,VKKAYDAEL,VKKAYDAEL,0.003945,12
BoLA-3:00101,1,29,37,9,SGKLTFEAG,SGKLTFEAG,SGKLTFEAG,0.00383,7.7
BoLA-3:00101,1,17,25,9,SAHQDAAPA,SAHQDAAPA,SAHQDAAPA,0.003751,7.8
BoLA-3:01701,1,22,30,9,AAPAAVDSG,AAPAAVDSG,AAPAAVDSG,0.003742,15
BoLA-2:01201,1,25,33,9,AAVDSGKLT,AAVDSGKLT,AAVDSGKLT,0.003681,17
BoLA-6:01401,1,33,41,9,TFEAGKVTV,TFEAGKVTV,TFEAGKVTV,0.00365,14
BoLA-T7,1,81,89,9,KAADEAKKA,KAADEAKKA,KAADEAKKA,0.003596,18
BoLA-T7,1,74,82,9,KAADEAKKA,KAADEAKKA,KAADEAKKA,0.003596,18
BoLA-T7,1,67,75,9,KAADEAKKA,KAADEAKKA,KAADEAKKA,0.003596,18
BoLA-T2c,1,23,31,9,APAAVDSGK,APAAVDSGK,APAAVDSGK,0.003521,27
BoLA-3:01701,1,31,39,9,KLTFEAGKV,KLTFEAGKV,KLTFEAGKV,0.003501,15
BoLA-T2c,1,2,10,9,KKTLVLSLV,KKTLVLSLV,KKTLVLSLV,0.003482,27
BoLA-2:01201,1,10,18,9,VALVAGCSA,VALVAGCSA,VALVAGCSA,0.003462,18
BoLA-2:02501,1,47,55,9,EQKAADALA,EQKAADALA,EQKAADALA,0.003439,11
BoLA-2:01801,1,64,72,9,LAKKAADEA,LAKKAADEA,LAKKAADEA,0.003422,13
BoLA-3:00201,1,8,16,9,SLVALVAGC,SLVALVAGC,SLVALVAGC,0.00337,21
BoLA-3:01701,1,4,12,9,TLVLSLVAL,TLVLSLVAL,TLVLSLVAL,0.003367,16
BoLA-3:01701,1,47,55,9,EQKAADALA,EQKAADALA,EQKAADALA,0.003353,16
BoLA-6:01401,1,58,66,9,KAYDAELAK,KAYDAELAK,KAYDAELAK,0.00333,14
BoLA-3:00101,1,28,36,9,DSGKLTFEA,DSGKLTFEA,DSGKLTFEA,0.003299,8.5
BoLA-2:02501,1,81,89,9,KAADEAKKA,KAADEAKKA,KAADEAKKA,0.003268,12
BoLA-2:02501,1,74,82,9,KAADEAKKA,KAADEAKKA,KAADEAKKA,0.003268,12
BoLA-2:02501,1,67,75,9,KAADEAKKA,KAADEAKKA,KAADEAKKA,0.003268,12
BoLA-T7,1,43,51,9,VSTAEQKAA,VSTAEQKAA,VSTAEQKAA,0.003257,18
BoLA-1:02801,1,60,68,9,YDAELAKKA,YDAELAKKA,YDAELAKKA,0.003228,8.7
BoLA-1:02301,1,3,11,9,KTLVLSLVA,KTLVLSLVA,KTLVLSLVA,0.003194,18
BoLA-3:00201,1,18,26,9,AHQDAAPAA,AHQDAAPAA,AHQDAAPAA,0.003171,22
BoLA-2:01801,1,4,12,9,TLVLSLVAL,TLVLSLVAL,TLVLSLVAL,0.003115,13
BoLA-1:02801,1,58,66,9,KAYDAELAK,KAYDAELAK,KAYDAELAK,0.003026,9.0
BoLA-6:01401,1,43,51,9,VSTAEQKAA,VSTAEQKAA,VSTAEQKAA,0.003025,15
BoLA-3:00201,1,10,18,9,VALVAGCSA,VALVAGCSA,VALVAGCSA,0.003014,22
BoLA-T7,1,46,54,9,AEQKAADAL,AEQKAADAL,AEQKAADAL,0.002976,19
BoLA-1:00901,1,59,67,9,AYDAELAKK,AYDAELAKK,AYDAELAKK,0.00295,15
BoLA-3:01701,1,49,57,9,KAADALAVK,KAADALAVK,KAADALAVK,0.002913,17
BoLA-6:01401,1,38,46,9,KVTVDVSTA,KVTVDVSTA,KVTVDVSTA,0.002895,15
BoLA-T7,1,38,46,9,KVTVDVSTA,KVTVDVSTA,KVTVDVSTA,0.00289,19
BoLA-6:01401,1,42,50,9,DVSTAEQKA,DVSTAEQKA,DVSTAEQKA,0.002877,15
BoLA-1:02301,1,38,46,9,KVTVDVSTA,KVTVDVSTA,KVTVDVSTA,0.00286,19
BoLA-6:01301,1,2,10,9,KKTLVLSLV,KKTLVLSLV,KKTLVLSLV,0.002829,13
BoLA-1:02301,1,50,58,9,AADALAVKK,AADALAVKK,AADALAVKK,0.002828,19
BoLA-T7,1,6,14,9,VLSLVALVA,VLSLVALVA,VLSLVALVA,0.002813,19
BoLA-1:00901,1,39,47,9,VTVDVSTAE,VTVDVSTAE,VTVDVSTAE,0.002797,15
BoLA-3:01701,1,24,32,9,PAAVDSGKL,PAAVDSGKL,PAAVDSGKL,0.002788,17
BoLA-T7,1,25,33,9,AAVDSGKLT,AAVDSGKLT,AAVDSGKLT,0.002763,20
BoLA-T7,1,2,10,9,KKTLVLSLV,KKTLVLSLV,KKTLVLSLV,0.002736,20
BoLA-1:02301,1,32,40,9,LTFEAGKVT,LTFEAGKVT,LTFEAGKVT,0.002679,19
BoLA-3:01701,1,52,60,9,DALAVKKAY,DALAVKKAY,DALAVKKAY,0.00263,18
BoLA-3:00201,1,48,56,9,QKAADALAV,QKAADALAV,QKAADALAV,0.002619,24
BoLA-1:00901,1,37,45,9,GKVTVDVST,GKVTVDVST,GKVTVDVST,0.002615,15
BoLA-1:02801,1,25,33,9,AAVDSGKLT,AAVDSGKLT,AAVDSGKLT,0.002611,9.7
BoLA-3:00201,1,39,47,9,VTVDVSTAE,VTVDVSTAE,VTVDVSTAE,0.0026,24
BoLA-3:01701,1,5,13,9,LVLSLVALV,LVLSLVALV,LVLSLVALV,0.002599,18
BoLA-1:00901,1,38,46,9,KVTVDVSTA,KVTVDVSTA,KVTVDVSTA,0.002599,15
BoLA-6:01301,1,5,13,9,LVLSLVALV,LVLSLVALV,LVLSLVALV,0.002595,13
BoLA-T2c,1,43,51,9,VSTAEQKAA,VSTAEQKAA,VSTAEQKAA,0.002578,29
BoLA-2:01801,1,18,26,9,AHQDAAPAA,AHQDAAPAA,AHQDAAPAA,0.002574,14
BoLA-T2c,1,45,53,9,TAEQKAADA,TAEQKAADA,TAEQKAADA,0.00252,29
BoLA-3:00101,1,35,43,9,EAGKVTVDV,EAGKVTVDV,EAGKVTVDV,0.002484,11
BoLA-2:01801,1,31,39,9,KLTFEAGKV,KLTFEAGKV,KLTFEAGKV,0.002471,15
BoLA-T2c,1,21,29,9,DAAPAAVDS,DAAPAAVDS,DAAPAAVDS,0.002438,30
BoLA-6:01401,1,6,14,9,VLSLVALVA,VLSLVALVA,VLSLVALVA,0.002427,17
BoLA-1:02301,1,64,72,9,LAKKAADEA,LAKKAADEA,LAKKAADEA,0.002419,20
BoLA-1:02801,1,37,45,9,GKVTVDVST,GKVTVDVST,GKVTVDVST,0.002343,11
BoLA-2:02501,1,85,93,9,EAKKAADEA,EAKKAADEA,EAKKAADEA,0.002323,14
BoLA-2:02501,1,78,86,9,EAKKAADEA,EAKKAADEA,EAKKAADEA,0.002323,14
BoLA-2:02501,1,71,79,9,EAKKAADEA,EAKKAADEA,EAKKAADEA,0.002323,14
BoLA-1:00901,1,25,33,9,AAVDSGKLT,AAVDSGKLT,AAVDSGKLT,0.002308,16
BoLA-1:02801,1,5,13,9,LVLSLVALV,LVLSLVALV,LVLSLVALV,0.002284,11
BoLA-6:01401,1,32,40,9,LTFEAGKVT,LTFEAGKVT,LTFEAGKVT,0.002243,17
BoLA-T7,1,40,48,9,TVDVSTAEQ,TVDVSTAEQ,TVDVSTAEQ,0.002235,21
BoLA-1:02801,1,31,39,9,KLTFEAGKV,KLTFEAGKV,KLTFEAGKV,0.002232,11
BoLA-1:02801,1,51,59,9,ADALAVKKA,ADALAVKKA,ADALAVKKA,0.002212,11
BoLA-3:00101,1,5,13,9,LVLSLVALV,LVLSLVALV,LVLSLVALV,0.002206,12
BoLA-1:02801,1,47,55,9,EQKAADALA,EQKAADALA,EQKAADALA,0.002189,11
BoLA-3:01701,1,15,23,9,GCSAHQDAA,GCSAHQDAA,GCSAHQDAA,0.00217,19
BoLA-T2c,1,55,63,9,AVKKAYDAE,AVKKAYDAE,AVKKAYDAE,0.002168,31
BoLA-3:01701,1,57,65,9,KKAYDAELA,KKAYDAELA,KKAYDAELA,0.002162,19
BoLA-3:00201,1,49,57,9,KAADALAVK,KAADALAVK,KAADALAVK,0.002136,26
BoLA-1:00901,1,60,68,9,YDAELAKKA,YDAELAKKA,YDAELAKKA,0.002121,17
BoLA-6:01401,1,52,60,9,DALAVKKAY,DALAVKKAY,DALAVKKAY,0.002115,18
BoLA-6:01401,1,35,43,9,EAGKVTVDV,EAGKVTVDV,EAGKVTVDV,0.002112,18
BoLA-3:01701,1,21,29,9,DAAPAAVDS,DAAPAAVDS,DAAPAAVDS,0.002098,20
BoLA-2:01801,1,25,33,9,AAVDSGKLT,AAVDSGKLT,AAVDSGKLT,0.002087,16
BoLA-2:02501,1,45,53,9,TAEQKAADA,TAEQKAADA,TAEQKAADA,0.002067,14
BoLA-6:01401,1,2,10,9,KKTLVLSLV,KKTLVLSLV,KKTLVLSLV,0.002041,18
BoLA-2:02501,1,38,46,9,KVTVDVSTA,KVTVDVSTA,KVTVDVSTA,0.00203,15
BoLA-2:01801,1,21,29,9,DAAPAAVDS,DAAPAAVDS,DAAPAAVDS,0.001983,16
BoLA-T7,1,45,53,9,TAEQKAADA,TAEQKAADA,TAEQKAADA,0.001959,22
BoLA-1:00901,1,8,16,9,SLVALVAGC,SLVALVAGC,SLVALVAGC,0.001901,18
BoLA-1:02301,1,6,14,9,VLSLVALVA,VLSLVALVA,VLSLVALVA,0.001894,22
BoLA-6:01401,1,14,22,9,AGCSAHQDA,AGCSAHQDA,AGCSAHQDA,0.001886,19
BoLA-3:00201,1,32,40,9,LTFEAGKVT,LTFEAGKVT,LTFEAGKVT,0.001883,27
BoLA-3:00101,1,18,26,9,AHQDAAPAA,AHQDAAPAA,AHQDAAPAA,0.00187,13
BoLA-3:00201,1,38,46,9,KVTVDVSTA,KVTVDVSTA,KVTVDVSTA,0.001832,27
BoLA-T2c,1,63,71,9,ELAKKAADE,ELAKKAADE,ELAKKAADE,0.001816,32
BoLA-2:01801,1,45,53,9,TAEQKAADA,TAEQKAADA,TAEQKAADA,0.001804,17
BoLA-6:01301,1,47,55,9,EQKAADALA,EQKAADALA,EQKAADALA,0.001801,15
BoLA-2:02501,1,37,45,9,GKVTVDVST,GKVTVDVST,GKVTVDVST,0.001763,16
BoLA-2:02501,1,33,41,9,TFEAGKVTV,TFEAGKVTV,TFEAGKVTV,0.001748,16
BoLA-T7,1,10,18,9,VALVAGCSA,VALVAGCSA,VALVAGCSA,0.001747,23
BoLA-1:02301,1,60,68,9,YDAELAKKA,YDAELAKKA,YDAELAKKA,0.001746,22
BoLA-1:02301,1,43,51,9,VSTAEQKAA,VSTAEQKAA,VSTAEQKAA,0.001738,22
BoLA-2:01201,1,43,51,9,VSTAEQKAA,VSTAEQKAA,VSTAEQKAA,0.001726,23
BoLA-3:00101,1,22,30,9,AAPAAVDSG,AAPAAVDSG,AAPAAVDSG,0.001721,13
BoLA-6:01401,1,10,18,9,VALVAGCSA,VALVAGCSA,VALVAGCSA,0.001711,20
BoLA-2:02501,1,49,57,9,KAADALAVK,KAADALAVK,KAADALAVK,0.001696,16
BoLA-1:00901,1,5,13,9,LVLSLVALV,LVLSLVALV,LVLSLVALV,0.001693,19
BoLA-2:02501,1,60,68,9,YDAELAKKA,YDAELAKKA,YDAELAKKA,0.001685,16
BoLA-2:01801,1,50,58,9,AADALAVKK,AADALAVKK,AADALAVKK,0.001677,17
BoLA-2:01801,1,51,59,9,ADALAVKKA,ADALAVKKA,ADALAVKKA,0.001656,17
BoLA-1:02301,1,25,33,9,AAVDSGKLT,AAVDSGKLT,AAVDSGKLT,0.001653,23
BoLA-3:00201,1,82,90,9,AADEAKKAA,AADEAKKAA,AADEAKKAA,0.001629,29
BoLA-3:00201,1,75,83,9,AADEAKKAA,AADEAKKAA,AADEAKKAA,0.001629,29
BoLA-3:00201,1,68,76,9,AADEAKKAA,AADEAKKAA,AADEAKKAA,0.001629,29
BoLA-6:01401,1,86,94,9,AKKAADEAK,AKKAADEAK,AKKAADEAK,0.001622,20
BoLA-6:01401,1,79,87,9,AKKAADEAK,AKKAADEAK,AKKAADEAK,0.001622,20
BoLA-6:01401,1,72,80,9,AKKAADEAK,AKKAADEAK,AKKAADEAK,0.001622,20
BoLA-6:01401,1,65,73,9,AKKAADEAK,AKKAADEAK,AKKAADEAK,0.001622,20
BoLA-T7,1,47,55,9,EQKAADALA,EQKAADALA,EQKAADALA,0.001612,24
BoLA-1:02301,1,59,67,9,AYDAELAKK,AYDAELAKK,AYDAELAKK,0.001589,23
BoLA-T7,1,48,56,9,QKAADALAV,QKAADALAV,QKAADALAV,0.001578,24
BoLA-6:01401,1,5,13,9,LVLSLVALV,LVLSLVALV,LVLSLVALV,0.001576,20
BoLA-6:01401,1,8,16,9,SLVALVAGC,SLVALVAGC,SLVALVAGC,0.001568,20
BoLA-2:01801,1,58,66,9,KAYDAELAK,KAYDAELAK,KAYDAELAK,0.001549,18
BoLA-6:01401,1,54,62,9,LAVKKAYDA,LAVKKAYDA,LAVKKAYDA,0.001548,20
BoLA-3:00101,1,38,46,9,KVTVDVSTA,KVTVDVSTA,KVTVDVSTA,0.001539,14
BoLA-T7,1,61,69,9,DAELAKKAA,DAELAKKAA,DAELAKKAA,0.001524,24
BoLA-2:01201,1,64,72,9,LAKKAADEA,LAKKAADEA,LAKKAADEA,0.001523,25
BoLA-3:00201,1,54,62,9,LAVKKAYDA,LAVKKAYDA,LAVKKAYDA,0.001519,30
BoLA-T7,1,49,57,9,KAADALAVK,KAADALAVK,KAADALAVK,0.001484,24
BoLA-2:02501,1,25,33,9,AAVDSGKLT,AAVDSGKLT,AAVDSGKLT,0.001474,17
BoLA-3:00201,1,64,72,9,LAKKAADEA,LAKKAADEA,LAKKAADEA,0.001463,30
BoLA-1:02801,1,17,25,9,SAHQDAAPA,SAHQDAAPA,SAHQDAAPA,0.00146,13
BoLA-2:01801,1,2,10,9,KKTLVLSLV,KKTLVLSLV,KKTLVLSLV,0.001439,18
BoLA-1:02301,1,10,18,9,VALVAGCSA,VALVAGCSA,VALVAGCSA,0.001434,24
BoLA-3:00101,1,82,90,9,AADEAKKAA,AADEAKKAA,AADEAKKAA,0.001431,15
BoLA-3:00101,1,75,83,9,AADEAKKAA,AADEAKKAA,AADEAKKAA,0.001431,15
BoLA-3:00101,1,68,76,9,AADEAKKAA,AADEAKKAA,AADEAKKAA,0.001431,15
BoLA-3:00201,1,60,68,9,YDAELAKKA,YDAELAKKA,YDAELAKKA,0.001416,30
BoLA-3:00201,1,43,51,9,VSTAEQKAA,VSTAEQKAA,VSTAEQKAA,0.001407,30
BoLA-3:00201,1,50,58,9,AADALAVKK,AADALAVKK,AADALAVKK,0.001401,30
BoLA-T7,1,50,58,9,AADALAVKK,AADALAVKK,AADALAVKK,0.001384,25
BoLA-2:01201,1,4,12,9,TLVLSLVAL,TLVLSLVAL,TLVLSLVAL,0.001384,25
BoLA-1:00901,1,87,95,9,KKAADEAKK,KKAADEAKK,KKAADEAKK,0.001384,21
BoLA-1:00901,1,80,88,9,KKAADEAKK,KKAADEAKK,KKAADEAKK,0.001384,21
BoLA-1:00901,1,73,81,9,KKAADEAKK,KKAADEAKK,KKAADEAKK,0.001384,21
BoLA-1:00901,1,66,74,9,KKAADEAKK,KKAADEAKK,KKAADEAKK,0.001384,21
BoLA-1:00901,1,31,39,9,KLTFEAGKV,KLTFEAGKV,KLTFEAGKV,0.001371,21
BoLA-T7,1,8,16,9,SLVALVAGC,SLVALVAGC,SLVALVAGC,0.001354,25
BoLA-6:01401,1,15,23,9,GCSAHQDAA,GCSAHQDAA,GCSAHQDAA,0.001347,22
BoLA-1:00901,1,2,10,9,KKTLVLSLV,KKTLVLSLV,KKTLVLSLV,0.001338,21
BoLA-2:01201,1,28,36,9,DSGKLTFEA,DSGKLTFEA,DSGKLTFEA,0.001328,26
BoLA-T7,1,39,47,9,VTVDVSTAE,VTVDVSTAE,VTVDVSTAE,0.001326,25
BoLA-1:00901,1,30,38,9,GKLTFEAGK,GKLTFEAGK,GKLTFEAGK,0.001326,21
BoLA-2:01801,1,32,40,9,LTFEAGKVT,LTFEAGKVT,LTFEAGKVT,0.001286,19
BoLA-3:00201,1,81,89,9,KAADEAKKA,KAADEAKKA,KAADEAKKA,0.001285,31
BoLA-3:00201,1,74,82,9,KAADEAKKA,KAADEAKKA,KAADEAKKA,0.001285,31
BoLA-3:00201,1,67,75,9,KAADEAKKA,KAADEAKKA,KAADEAKKA,0.001285,31
BoLA-1:02301,1,54,62,9,LAVKKAYDA,LAVKKAYDA,LAVKKAYDA,0.001275,25
BoLA-3:00101,1,48,56,9,QKAADALAV,QKAADALAV,QKAADALAV,0.001262,16
BoLA-2:01801,1,38,46,9,KVTVDVSTA,KVTVDVSTA,KVTVDVSTA,0.00126,19
BoLA-1:02801,1,81,89,9,KAADEAKKA,KAADEAKKA,KAADEAKKA,0.001253,14
BoLA-1:02801,1,74,82,9,KAADEAKKA,KAADEAKKA,KAADEAKKA,0.001253,14
BoLA-1:02801,1,67,75,9,KAADEAKKA,KAADEAKKA,KAADEAKKA,0.001253,14
BoLA-3:00101,1,3,11,9,KTLVLSLVA,KTLVLSLVA,KTLVLSLVA,0.001241,16
BoLA-2:01201,1,36,44,9,AGKVTVDVS,AGKVTVDVS,AGKVTVDVS,0.001238,26
BoLA-3:01701,1,16,24,9,CSAHQDAAP,CSAHQDAAP,CSAHQDAAP,0.001221,25
BoLA-1:00901,1,41,49,9,VDVSTAEQK,VDVSTAEQK,VDVSTAEQK,0.00122,22
BoLA-2:02501,1,64,72,9,LAKKAADEA,LAKKAADEA,LAKKAADEA,0.001217,19
BoLA-3:00101,1,60,68,9,YDAELAKKA,YDAELAKKA,YDAELAKKA,0.00121,16
BoLA-2:01201,1,2,10,9,KKTLVLSLV,KKTLVLSLV,KKTLVLSLV,0.001207,27
BoLA-2:02501,1,40,48,9,TVDVSTAEQ,TVDVSTAEQ,TVDVSTAEQ,0.001195,19
BoLA-6:01401,1,50,58,9,AADALAVKK,AADALAVKK,AADALAVKK,0.001183,23
BoLA-1:00901,1,10,18,9,VALVAGCSA,VALVAGCSA,VALVAGCSA,0.001175,22
BoLA-2:02501,1,6,14,9,VLSLVALVA,VLSLVALVA,VLSLVALVA,0.001161,19
BoLA-3:00201,1,25,33,9,AAVDSGKLT,AAVDSGKLT,AAVDSGKLT,0.001143,33
BoLA-2:01201,1,19,27,9,HQDAAPAAV,HQDAAPAAV,HQDAAPAAV,0.001132,27
BoLA-3:00101,1,24,32,9,PAAVDSGKL,PAAVDSGKL,PAAVDSGKL,0.001116,17
BoLA-T7,1,58,66,9,KAYDAELAK,KAYDAELAK,KAYDAELAK,0.001106,27
BoLA-3:00201,1,55,63,9,AVKKAYDAE,AVKKAYDAE,AVKKAYDAE,0.001099,33
BoLA-2:02501,1,54,62,9,LAVKKAYDA,LAVKKAYDA,LAVKKAYDA,0.001096,19
BoLA-2:02501,1,50,58,9,AADALAVKK,AADALAVKK,AADALAVKK,0.001092,19
BoLA-1:02301,1,33,41,9,TFEAGKVTV,TFEAGKVTV,TFEAGKVTV,0.001087,27
BoLA-T7,1,3,11,9,KTLVLSLVA,KTLVLSLVA,KTLVLSLVA,0.001077,27
BoLA-1:00901,1,12,20,9,LVAGCSAHQ,LVAGCSAHQ,LVAGCSAHQ,0.001059,23
BoLA-1:00901,1,43,51,9,VSTAEQKAA,VSTAEQKAA,VSTAEQKAA,0.001058,23
BoLA-1:02801,1,11,19,9,ALVAGCSAH,ALVAGCSAH,ALVAGCSAH,0.001054,15
BoLA-2:02501,1,28,36,9,DSGKLTFEA,DSGKLTFEA,DSGKLTFEA,0.001022,20
BoLA-3:00101,1,58,66,9,KAYDAELAK,KAYDAELAK,KAYDAELAK,0.001015,18
BoLA-1:02301,1,55,63,9,AVKKAYDAE,AVKKAYDAE,AVKKAYDAE,0.001001,27
BoLA-2:01201,1,54,62,9,LAVKKAYDA,LAVKKAYDA,LAVKKAYDA,0.000993,29
BoLA-6:01401,1,57,65,9,KKAYDAELA,KKAYDAELA,KKAYDAELA,0.000992,25
BoLA-1:02301,1,85,93,9,EAKKAADEA,EAKKAADEA,EAKKAADEA,0.000987,27
BoLA-1:02301,1,78,86,9,EAKKAADEA,EAKKAADEA,EAKKAADEA,0.000987,27
BoLA-1:02301,1,71,79,9,EAKKAADEA,EAKKAADEA,EAKKAADEA,0.000987,27
BoLA-1:02801,1,38,46,9,KVTVDVSTA,KVTVDVSTA,KVTVDVSTA,0.000983,16
BoLA-T2c,1,12,20,9,LVAGCSAHQ,LVAGCSAHQ,LVAGCSAHQ,0.00097,38
BoLA-1:02301,1,34,42,9,FEAGKVTVD,FEAGKVTVD,FEAGKVTVD,0.000968,28
BoLA-2:02501,1,32,40,9,LTFEAGKVT,LTFEAGKVT,LTFEAGKVT,0.000967,20
BoLA-1:00901,1,64,72,9,LAKKAADEA,LAKKAADEA,LAKKAADEA,0.000959,24
BoLA-1:02801,1,32,40,9,LTFEAGKVT,LTFEAGKVT,LTFEAGKVT,0.000957,16
BoLA-6:01401,1,27,35,9,VDSGKLTFE,VDSGKLTFE,VDSGKLTFE,0.000953,25
BoLA-1:02301,1,31,39,9,KLTFEAGKV,KLTFEAGKV,KLTFEAGKV,0.000939,28
BoLA-3:00101,1,10,18,9,VALVAGCSA,VALVAGCSA,VALVAGCSA,0.000939,18
BoLA-3:00201,1,14,22,9,AGCSAHQDA,AGCSAHQDA,AGCSAHQDA,0.000931,35
BoLA-2:02501,1,55,63,9,AVKKAYDAE,AVKKAYDAE,AVKKAYDAE,0.000911,21
BoLA-2:02501,1,59,67,9,AYDAELAKK,AYDAELAKK,AYDAELAKK,0.000907,21
BoLA-2:02501,1,24,32,9,PAAVDSGKL,PAAVDSGKL,PAAVDSGKL,0.000905,21
BoLA-1:02801,1,57,65,9,KKAYDAELA,KKAYDAELA,KKAYDAELA,0.000905,16
BoLA-2:02501,1,42,50,9,DVSTAEQKA,DVSTAEQKA,DVSTAEQKA,0.000903,21
BoLA-6:01401,1,37,45,9,GKVTVDVST,GKVTVDVST,GKVTVDVST,0.000898,26
BoLA-2:02501,1,5,13,9,LVLSLVALV,LVLSLVALV,LVLSLVALV,0.000883,21
BoLA-2:01801,1,54,62,9,LAVKKAYDA,LAVKKAYDA,LAVKKAYDA,0.000873,22
BoLA-3:00201,1,31,39,9,KLTFEAGKV,KLTFEAGKV,KLTFEAGKV,0.000873,36
BoLA-2:01201,1,27,35,9,VDSGKLTFE,VDSGKLTFE,VDSGKLTFE,0.000871,30
BoLA-6:01301,1,3,11,9,KTLVLSLVA,KTLVLSLVA,KTLVLSLVA,0.000868,19
BoLA-2:01801,1,36,44,9,AGKVTVDVS,AGKVTVDVS,AGKVTVDVS,0.000867,22
BoLA-2:01801,1,10,18,9,VALVAGCSA,VALVAGCSA,VALVAGCSA,0.000863,22
BoLA-2:01201,1,7,15,9,LSLVALVAG,LSLVALVAG,LSLVALVAG,0.000859,30
BoLA-3:00101,1,49,57,9,KAADALAVK,KAADALAVK,KAADALAVK,0.000838,19
BoLA-T2c,1,44,52,9,STAEQKAAD,STAEQKAAD,STAEQKAAD,0.000824,39
BoLA-1:02301,1,51,59,9,ADALAVKKA,ADALAVKKA,ADALAVKKA,0.000822,29
BoLA-T7,1,23,31,9,APAAVDSGK,APAAVDSGK,APAAVDSGK,0.000806,30
BoLA-6:01301,1,48,56,9,QKAADALAV,QKAADALAV,QKAADALAV,0.000806,19
BoLA-2:01201,1,29,37,9,SGKLTFEAG,SGKLTFEAG,SGKLTFEAG,0.000794,31
BoLA-6:01301,1,58,66,9,KAYDAELAK,KAYDAELAK,KAYDAELAK,0.000793,20
BoLA-1:02801,1,6,14,9,VLSLVALVA,VLSLVALVA,VLSLVALVA,0.000785,17
BoLA-2:02501,1,39,47,9,VTVDVSTAE,VTVDVSTAE,VTVDVSTAE,0.000783,22
BoLA-3:00101,1,31,39,9,KLTFEAGKV,KLTFEAGKV,KLTFEAGKV,0.000783,20
BoLA-6:01301,1,86,94,9,AKKAADEAK,AKKAADEAK,AKKAADEAK,0.000775,20
BoLA-6:01301,1,79,87,9,AKKAADEAK,AKKAADEAK,AKKAADEAK,0.000775,20
BoLA-6:01301,1,72,80,9,AKKAADEAK,AKKAADEAK,AKKAADEAK,0.000775,20
BoLA-6:01301,1,65,73,9,AKKAADEAK,AKKAADEAK,AKKAADEAK,0.000775,20
BoLA-1:02301,1,62,70,9,AELAKKAAD,AELAKKAAD,AELAKKAAD,0.000774,30
BoLA-1:02801,1,50,58,9,AADALAVKK,AADALAVKK,AADALAVKK,0.00074,18
BoLA-6:01301,1,31,39,9,KLTFEAGKV,KLTFEAGKV,KLTFEAGKV,0.000734,20
BoLA-3:00201,1,85,93,9,EAKKAADEA,EAKKAADEA,EAKKAADEA,0.000733,39
BoLA-3:00201,1,78,86,9,EAKKAADEA,EAKKAADEA,EAKKAADEA,0.000733,39
BoLA-3:00201,1,71,79,9,EAKKAADEA,EAKKAADEA,EAKKAADEA,0.000733,39
BoLA-3:01701,1,8,16,9,SLVALVAGC,SLVALVAGC,SLVALVAGC,0.000729,31
BoLA-6:01401,1,31,39,9,KLTFEAGKV,KLTFEAGKV,KLTFEAGKV,0.000727,28
BoLA-3:00201,1,37,45,9,GKVTVDVST,GKVTVDVST,GKVTVDVST,0.000727,39
BoLA-2:01801,1,34,42,9,FEAGKVTVD,FEAGKVTVD,FEAGKVTVD,0.00072,24
BoLA-2:02501,1,57,65,9,KKAYDAELA,KKAYDAELA,KKAYDAELA,0.000719,23
BoLA-2:02501,1,3,11,9,KTLVLSLVA,KTLVLSLVA,KTLVLSLVA,0.0007,23
BoLA-T7,1,12,20,9,LVAGCSAHQ,LVAGCSAHQ,LVAGCSAHQ,0.000691,31
BoLA-T2c,1,16,24,9,CSAHQDAAP,CSAHQDAAP,CSAHQDAAP,0.000685,41
BoLA-2:01801,1,43,51,9,VSTAEQKAA,VSTAEQKAA,VSTAEQKAA,0.000677,24
BoLA-1:02301,1,39,47,9,VTVDVSTAE,VTVDVSTAE,VTVDVSTAE,0.000674,31
BoLA-2:02501,1,61,69,9,DAELAKKAA,DAELAKKAA,DAELAKKAA,0.00067,24
BoLA-3:00201,1,47,55,9,EQKAADALA,EQKAADALA,EQKAADALA,0.000669,40
BoLA-3:00201,1,36,44,9,AGKVTVDVS,AGKVTVDVS,AGKVTVDVS,0.000667,40
BoLA-2:02501,1,34,42,9,FEAGKVTVD,FEAGKVTVD,FEAGKVTVD,0.000665,24
BoLA-T7,1,44,52,9,STAEQKAAD,STAEQKAAD,STAEQKAAD,0.000663,31
BoLA-3:00101,1,64,72,9,LAKKAADEA,LAKKAADEA,LAKKAADEA,0.000663,21
BoLA-6:01401,1,23,31,9,APAAVDSGK,APAAVDSGK,APAAVDSGK,0.000658,29
BoLA-2:01801,1,49,57,9,KAADALAVK,KAADALAVK,KAADALAVK,0.00065,25
BoLA-2:02501,1,86,94,9,AKKAADEAK,AKKAADEAK,AKKAADEAK,0.000647,24
BoLA-2:02501,1,79,87,9,AKKAADEAK,AKKAADEAK,AKKAADEAK,0.000647,24
BoLA-2:02501,1,72,80,9,AKKAADEAK,AKKAADEAK,AKKAADEAK,0.000647,24
BoLA-2:02501,1,65,73,9,AKKAADEAK,AKKAADEAK,AKKAADEAK,0.000647,24
BoLA-3:00101,1,85,93,9,EAKKAADEA,EAKKAADEA,EAKKAADEA,0.000637,22
BoLA-3:00101,1,78,86,9,EAKKAADEA,EAKKAADEA,EAKKAADEA,0.000637,22
BoLA-3:00101,1,71,79,9,EAKKAADEA,EAKKAADEA,EAKKAADEA,0.000637,22
BoLA-T2c,1,22,30,9,AAPAAVDSG,AAPAAVDSG,AAPAAVDSG,0.000626,42
BoLA-3:01701,1,23,31,9,APAAVDSGK,APAAVDSGK,APAAVDSGK,0.000623,32
BoLA-2:02501,1,43,51,9,VSTAEQKAA,VSTAEQKAA,VSTAEQKAA,0.000621,25
BoLA-2:01201,1,51,59,9,ADALAVKKA,ADALAVKKA,ADALAVKKA,0.00062,34
BoLA-3:00201,1,27,35,9,VDSGKLTFE,VDSGKLTFE,VDSGKLTFE,0.000619,41
BoLA-1:00901,1,54,62,9,LAVKKAYDA,LAVKKAYDA,LAVKKAYDA,0.000618,29
BoLA-3:00101,1,8,16,9,SLVALVAGC,SLVALVAGC,SLVALVAGC,0.000616,22
BoLA-2:01201,1,14,22,9,AGCSAHQDA,AGCSAHQDA,AGCSAHQDA,0.000602,34
BoLA-1:00901,1,42,50,9,DVSTAEQKA,DVSTAEQKA,DVSTAEQKA,0.000589,29
BoLA-1:02801,1,49,57,9,KAADALAVK,KAADALAVK,KAADALAVK,0.000584,19
BoLA-1:02801,1,3,11,9,KTLVLSLVA,KTLVLSLVA,KTLVLSLVA,0.000582,19
BoLA-3:00201,1,7,15,9,LSLVALVAG,LSLVALVAG,LSLVALVAG,0.000581,42
BoLA-2:01201,1,18,26,9,AHQDAAPAA,AHQDAAPAA,AHQDAAPAA,0.000581,35
BoLA-2:01201,1,56,64,9,VKKAYDAEL,VKKAYDAEL,VKKAYDAEL,0.000576,35
BoLA-T2c,1,41,49,9,VDVSTAEQK,VDVSTAEQK,VDVSTAEQK,0.000563,43
BoLA-T7,1,15,23,9,GCSAHQDAA,GCSAHQDAA,GCSAHQDAA,0.000562,33
BoLA-3:01701,1,41,49,9,VDVSTAEQK,VDVSTAEQK,VDVSTAEQK,0.00056,34
BoLA-1:02301,1,8,16,9,SLVALVAGC,SLVALVAGC,SLVALVAGC,0.000559,33
BoLA-3:00101,1,81,89,9,KAADEAKKA,KAADEAKKA,KAADEAKKA,0.000557,23
BoLA-3:00101,1,74,82,9,KAADEAKKA,KAADEAKKA,KAADEAKKA,0.000557,23
BoLA-3:00101,1,67,75,9,KAADEAKKA,KAADEAKKA,KAADEAKKA,0.000557,23
BoLA-2:01201,1,46,54,9,AEQKAADAL,AEQKAADAL,AEQKAADAL,0.000552,36
BoLA-3:00101,1,52,60,9,DALAVKKAY,DALAVKKAY,DALAVKKAY,0.000551,23
BoLA-2:01201,1,85,93,9,EAKKAADEA,EAKKAADEA,EAKKAADEA,0.00054,36
BoLA-2:01201,1,78,86,9,EAKKAADEA,EAKKAADEA,EAKKAADEA,0.00054,36
BoLA-2:01201,1,71,79,9,EAKKAADEA,EAKKAADEA,EAKKAADEA,0.00054,36
BoLA-2:02501,1,29,37,9,SGKLTFEAG,SGKLTFEAG,SGKLTFEAG,0.000538,26
BoLA-1:00901,1,33,41,9,TFEAGKVTV,TFEAGKVTV,TFEAGKVTV,0.000534,30
BoLA-1:02301,1,5,13,9,LVLSLVALV,LVLSLVALV,LVLSLVALV,0.000533,34
BoLA-2:01801,1,40,48,9,TVDVSTAEQ,TVDVSTAEQ,TVDVSTAEQ,0.000528,27
BoLA-3:00101,1,54,62,9,LAVKKAYDA,LAVKKAYDA,LAVKKAYDA,0.000527,24
BoLA-2:01201,1,60,68,9,YDAELAKKA,YDAELAKKA,YDAELAKKA,0.000525,36
BoLA-3:00101,1,45,53,9,TAEQKAADA,TAEQKAADA,TAEQKAADA,0.00052,24
BoLA-T7,1,60,68,9,YDAELAKKA,YDAELAKKA,YDAELAKKA,0.000518,34
BoLA-T7,1,18,26,9,AHQDAAPAA,AHQDAAPAA,AHQDAAPAA,0.000517,34
BoLA-1:00901,1,85,93,9,EAKKAADEA,EAKKAADEA,EAKKAADEA,0.000517,31
BoLA-1:00901,1,78,86,9,EAKKAADEA,EAKKAADEA,EAKKAADEA,0.000517,31
BoLA-1:00901,1,71,79,9,EAKKAADEA,EAKKAADEA,EAKKAADEA,0.000517,31
BoLA-2:02501,1,8,16,9,SLVALVAGC,SLVALVAGC,SLVALVAGC,0.000515,26
BoLA-1:02801,1,35,43,9,EAGKVTVDV,EAGKVTVDV,EAGKVTVDV,0.000515,20
BoLA-1:02301,1,29,37,9,SGKLTFEAG,SGKLTFEAG,SGKLTFEAG,0.000515,34
BoLA-6:01401,1,20,28,9,QDAAPAAVD,QDAAPAAVD,QDAAPAAVD,0.000511,32
BoLA-3:00101,1,36,44,9,AGKVTVDVS,AGKVTVDVS,AGKVTVDVS,0.00051,24
BoLA-1:00901,1,57,65,9,KKAYDAELA,KKAYDAELA,KKAYDAELA,0.000509,31
BoLA-2:02501,1,51,59,9,ADALAVKKA,ADALAVKKA,ADALAVKKA,0.0005,27
BoLA-6:01401,1,11,19,9,ALVAGCSAH,ALVAGCSAH,ALVAGCSAH,0.000496,32
BoLA-3:00101,1,50,58,9,AADALAVKK,AADALAVKK,AADALAVKK,0.000487,24
BoLA-3:00201,1,51,59,9,ADALAVKKA,ADALAVKKA,ADALAVKKA,0.000481,45
BoLA-3:00101,1,43,51,9,VSTAEQKAA,VSTAEQKAA,VSTAEQKAA,0.00048,25
BoLA-1:02301,1,41,49,9,VDVSTAEQK,VDVSTAEQK,VDVSTAEQK,0.000478,35
BoLA-3:00201,1,44,52,9,STAEQKAAD,STAEQKAAD,STAEQKAAD,0.000478,45
BoLA-2:01201,1,6,14,9,VLSLVALVA,VLSLVALVA,VLSLVALVA,0.000477,37
BoLA-3:00101,1,32,40,9,LTFEAGKVT,LTFEAGKVT,LTFEAGKVT,0.000474,25
BoLA-3:00201,1,6,14,9,VLSLVALVA,VLSLVALVA,VLSLVALVA,0.00047,45
BoLA-1:00901,1,28,36,9,DSGKLTFEA,DSGKLTFEA,DSGKLTFEA,0.00047,32
BoLA-2:02501,1,10,18,9,VALVAGCSA,VALVAGCSA,VALVAGCSA,0.000468,28
BoLA-2:01801,1,6,14,9,VLSLVALVA,VLSLVALVA,VLSLVALVA,0.000468,28
BoLA-3:00201,1,45,53,9,TAEQKAADA,TAEQKAADA,TAEQKAADA,0.000467,45
BoLA-3:00101,1,47,55,9,EQKAADALA,EQKAADALA,EQKAADALA,0.000448,25
BoLA-2:02501,1,23,31,9,APAAVDSGK,APAAVDSGK,APAAVDSGK,0.000446,28
BoLA-3:00101,1,25,33,9,AAVDSGKLT,AAVDSGKLT,AAVDSGKLT,0.000445,25
BoLA-T2c,1,29,37,9,SGKLTFEAG,SGKLTFEAG,SGKLTFEAG,0.000443,45
BoLA-6:01401,1,36,44,9,AGKVTVDVS,AGKVTVDVS,AGKVTVDVS,0.000443,34
BoLA-6:01401,1,29,37,9,SGKLTFEAG,SGKLTFEAG,SGKLTFEAG,0.000443,34
BoLA-6:01401,1,83,91,9,ADEAKKAAD,ADEAKKAAD,ADEAKKAAD,0.000437,34
BoLA-6:01401,1,76,84,9,ADEAKKAAD,ADEAKKAAD,ADEAKKAAD,0.000437,34
BoLA-6:01401,1,69,77,9,ADEAKKAAD,ADEAKKAAD,ADEAKKAAD,0.000437,34
BoLA-1:02801,1,52,60,9,DALAVKKAY,DALAVKKAY,DALAVKKAY,0.000434,22
BoLA-1:00901,1,34,42,9,FEAGKVTVD,FEAGKVTVD,FEAGKVTVD,0.000434,33
BoLA-6:01301,1,55,63,9,AVKKAYDAE,AVKKAYDAE,AVKKAYDAE,0.000431,24
BoLA-3:00201,1,15,23,9,GCSAHQDAA,GCSAHQDAA,GCSAHQDAA,0.000431,46
BoLA-3:01701,1,37,45,9,GKVTVDVST,GKVTVDVST,GKVTVDVST,0.000426,37
BoLA-6:01401,1,21,29,9,DAAPAAVDS,DAAPAAVDS,DAAPAAVDS,0.000425,34
BoLA-6:01301,1,33,41,9,TFEAGKVTV,TFEAGKVTV,TFEAGKVTV,0.000411,24
BoLA-6:01301,1,17,25,9,SAHQDAAPA,SAHQDAAPA,SAHQDAAPA,0.000411,24
BoLA-2:02501,1,36,44,9,AGKVTVDVS,AGKVTVDVS,AGKVTVDVS,0.000409,29
BoLA-T2c,1,51,59,9,ADALAVKKA,ADALAVKKA,ADALAVKKA,0.000406,46
BoLA-3:01701,1,40,48,9,TVDVSTAEQ,TVDVSTAEQ,TVDVSTAEQ,0.000401,38
BoLA-2:01201,1,48,56,9,QKAADALAV,QKAADALAV,QKAADALAV,0.000399,40
BoLA-2:02501,1,22,30,9,AAPAAVDSG,AAPAAVDSG,AAPAAVDSG,0.00039,30
BoLA-3:01701,1,39,47,9,VTVDVSTAE,VTVDVSTAE,VTVDVSTAE,0.000387,39
BoLA-3:00201,1,40,48,9,TVDVSTAEQ,TVDVSTAEQ,TVDVSTAEQ,0.00038,48
BoLA-3:01701,1,55,63,9,AVKKAYDAE,AVKKAYDAE,AVKKAYDAE,0.000379,39
BoLA-1:02801,1,10,18,9,VALVAGCSA,VALVAGCSA,VALVAGCSA,0.000378,23
BoLA-2:01801,1,14,22,9,AGCSAHQDA,AGCSAHQDA,AGCSAHQDA,0.000376,30
BoLA-6:01401,1,49,57,9,KAADALAVK,KAADALAVK,KAADALAVK,0.000374,36
BoLA-1:02801,1,24,32,9,PAAVDSGKL,PAAVDSGKL,PAAVDSGKL,0.000362,23
BoLA-3:00201,1,59,67,9,AYDAELAKK,AYDAELAKK,AYDAELAKK,0.000361,49
BoLA-1:00901,1,51,59,9,ADALAVKKA,ADALAVKKA,ADALAVKKA,0.000356,35
BoLA-1:00901,1,23,31,9,APAAVDSGK,APAAVDSGK,APAAVDSGK,0.000355,35
BoLA-3:01701,1,59,67,9,AYDAELAKK,AYDAELAKK,AYDAELAKK,0.000354,40
BoLA-T7,1,22,30,9,AAPAAVDSG,AAPAAVDSG,AAPAAVDSG,0.000353,38
BoLA-3:00201,1,11,19,9,ALVAGCSAH,ALVAGCSAH,ALVAGCSAH,0.000351,49
BoLA-1:02801,1,86,94,9,AKKAADEAK,AKKAADEAK,AKKAADEAK,0.000346,23
BoLA-1:02801,1,79,87,9,AKKAADEAK,AKKAADEAK,AKKAADEAK,0.000346,23
BoLA-1:02801,1,72,80,9,AKKAADEAK,AKKAADEAK,AKKAADEAK,0.000346,23
BoLA-1:02801,1,65,73,9,AKKAADEAK,AKKAADEAK,AKKAADEAK,0.000346,23
BoLA-3:00201,1,57,65,9,KKAYDAELA,KKAYDAELA,KKAYDAELA,0.000346,50
BoLA-2:01201,1,33,41,9,TFEAGKVTV,TFEAGKVTV,TFEAGKVTV,0.000343,42
BoLA-3:01701,1,7,15,9,LSLVALVAG,LSLVALVAG,LSLVALVAG,0.000338,40
BoLA-2:02501,1,31,39,9,KLTFEAGKV,KLTFEAGKV,KLTFEAGKV,0.000334,31
BoLA-3:00101,1,14,22,9,AGCSAHQDA,AGCSAHQDA,AGCSAHQDA,0.000334,28
BoLA-2:01201,1,21,29,9,DAAPAAVDS,DAAPAAVDS,DAAPAAVDS,0.000331,42
BoLA-T7,1,11,19,9,ALVAGCSAH,ALVAGCSAH,ALVAGCSAH,0.000328,39
BoLA-1:02801,1,64,72,9,LAKKAADEA,LAKKAADEA,LAKKAADEA,0.000326,24
BoLA-3:00201,1,34,42,9,FEAGKVTVD,FEAGKVTVD,FEAGKVTVD,0.000326,51
BoLA-6:01301,1,38,46,9,KVTVDVSTA,KVTVDVSTA,KVTVDVSTA,0.000325,26
BoLA-2:02501,1,35,43,9,EAGKVTVDV,EAGKVTVDV,EAGKVTVDV,0.000323,32
BoLA-6:01401,1,24,32,9,PAAVDSGKL,PAAVDSGKL,PAAVDSGKL,0.000322,37
BoLA-3:01701,1,44,52,9,STAEQKAAD,STAEQKAAD,STAEQKAAD,0.00032,41
BoLA-3:01701,1,11,19,9,ALVAGCSAH,ALVAGCSAH,ALVAGCSAH,0.00032,41
BoLA-1:02801,1,87,95,9,KKAADEAKK,KKAADEAKK,KKAADEAKK,0.000319,24
BoLA-1:02801,1,80,88,9,KKAADEAKK,KKAADEAKK,KKAADEAKK,0.000319,24
BoLA-1:02801,1,73,81,9,KKAADEAKK,KKAADEAKK,KKAADEAKK,0.000319,24
BoLA-1:02801,1,66,74,9,KKAADEAKK,KKAADEAKK,KKAADEAKK,0.000319,24
BoLA-3:00201,1,42,50,9,DVSTAEQKA,DVSTAEQKA,DVSTAEQKA,0.000319,51
BoLA-1:02301,1,45,53,9,TAEQKAADA,TAEQKAADA,TAEQKAADA,0.000316,39
BoLA-1:02301,1,36,44,9,AGKVTVDVS,AGKVTVDVS,AGKVTVDVS,0.000313,40
BoLA-2:01201,1,35,43,9,EAGKVTVDV,EAGKVTVDV,EAGKVTVDV,0.000306,43
BoLA-2:01201,1,44,52,9,STAEQKAAD,STAEQKAAD,STAEQKAAD,0.000305,43
BoLA-2:01801,1,3,11,9,KTLVLSLVA,KTLVLSLVA,KTLVLSLVA,0.000301,32
BoLA-2:01201,1,45,53,9,TAEQKAADA,TAEQKAADA,TAEQKAADA,0.000301,43
BoLA-2:01201,1,8,16,9,SLVALVAGC,SLVALVAGC,SLVALVAGC,0.000301,43
BoLA-T2c,1,34,42,9,FEAGKVTVD,FEAGKVTVD,FEAGKVTVD,0.0003,49
BoLA-6:01401,1,22,30,9,AAPAAVDSG,AAPAAVDSG,AAPAAVDSG,0.000298,38
BoLA-3:00201,1,41,49,9,VDVSTAEQK,VDVSTAEQK,VDVSTAEQK,0.000297,52
BoLA-T2c,1,59,67,9,AYDAELAKK,AYDAELAKK,AYDAELAKK,0.000294,49
BoLA-2:02501,1,14,22,9,AGCSAHQDA,AGCSAHQDA,AGCSAHQDA,0.000291,33
BoLA-1:02301,1,61,69,9,DAELAKKAA,DAELAKKAA,DAELAKKAA,0.000291,40
BoLA-6:01301,1,8,16,9,SLVALVAGC,SLVALVAGC,SLVALVAGC,0.000291,27
BoLA-2:01801,1,39,47,9,VTVDVSTAE,VTVDVSTAE,VTVDVSTAE,0.000286,33
BoLA-3:00101,1,39,47,9,VTVDVSTAE,VTVDVSTAE,VTVDVSTAE,0.000286,30
BoLA-3:01701,1,13,21,9,VAGCSAHQD,VAGCSAHQD,VAGCSAHQD,0.000284,43
BoLA-2:01801,1,29,37,9,SGKLTFEAG,SGKLTFEAG,SGKLTFEAG,0.000278,33
BoLA-2:01201,1,31,39,9,KLTFEAGKV,KLTFEAGKV,KLTFEAGKV,0.000278,45
BoLA-6:01401,1,63,71,9,ELAKKAADE,ELAKKAADE,ELAKKAADE,0.000275,40
BoLA-2:02501,1,87,95,9,KKAADEAKK,KKAADEAKK,KKAADEAKK,0.000268,34
BoLA-2:02501,1,80,88,9,KKAADEAKK,KKAADEAKK,KKAADEAKK,0.000268,34
BoLA-2:02501,1,73,81,9,KKAADEAKK,KKAADEAKK,KKAADEAKK,0.000268,34
BoLA-2:02501,1,66,74,9,KKAADEAKK,KKAADEAKK,KKAADEAKK,0.000268,34
BoLA-6:01401,1,87,95,9,KKAADEAKK,KKAADEAKK,KKAADEAKK,0.000263,40
BoLA-6:01401,1,80,88,9,KKAADEAKK,KKAADEAKK,KKAADEAKK,0.000263,40
BoLA-6:01401,1,73,81,9,KKAADEAKK,KKAADEAKK,KKAADEAKK,0.000263,40
BoLA-6:01401,1,66,74,9,KKAADEAKK,KKAADEAKK,KKAADEAKK,0.000263,40
BoLA-2:02501,1,41,49,9,VDVSTAEQK,VDVSTAEQK,VDVSTAEQK,0.000261,34
BoLA-1:02301,1,42,50,9,DVSTAEQKA,DVSTAEQKA,DVSTAEQKA,0.000259,42
BoLA-6:01401,1,30,38,9,GKLTFEAGK,GKLTFEAGK,GKLTFEAGK,0.000259,40
BoLA-T2c,1,15,23,9,GCSAHQDAA,GCSAHQDAA,GCSAHQDAA,0.000252,51
BoLA-6:01301,1,11,19,9,ALVAGCSAH,ALVAGCSAH,ALVAGCSAH,0.000251,28
BoLA-1:00901,1,44,52,9,STAEQKAAD,STAEQKAAD,STAEQKAAD,0.000247,40
BoLA-T7,1,16,24,9,CSAHQDAAP,CSAHQDAAP,CSAHQDAAP,0.000246,42
BoLA-1:00901,1,61,69,9,DAELAKKAA,DAELAKKAA,DAELAKKAA,0.000246,40
BoLA-1:02801,1,8,16,9,SLVALVAGC,SLVALVAGC,SLVALVAGC,0.000245,26
BoLA-1:00901,1,45,53,9,TAEQKAADA,TAEQKAADA,TAEQKAADA,0.000242,40
BoLA-3:01701,1,86,94,9,AKKAADEAK,AKKAADEAK,AKKAADEAK,0.000241,45
BoLA-3:01701,1,79,87,9,AKKAADEAK,AKKAADEAK,AKKAADEAK,0.000241,45
BoLA-3:01701,1,72,80,9,AKKAADEAK,AKKAADEAK,AKKAADEAK,0.000241,45
BoLA-3:01701,1,65,73,9,AKKAADEAK,AKKAADEAK,AKKAADEAK,0.000241,45
BoLA-2:01801,1,84,92,9,DEAKKAADE,DEAKKAADE,DEAKKAADE,0.000241,35
BoLA-2:01801,1,77,85,9,DEAKKAADE,DEAKKAADE,DEAKKAADE,0.000241,35
BoLA-2:01801,1,70,78,9,DEAKKAADE,DEAKKAADE,DEAKKAADE,0.000241,35
BoLA-1:02801,1,30,38,9,GKLTFEAGK,GKLTFEAGK,GKLTFEAGK,0.000238,27
BoLA-1:00901,1,15,23,9,GCSAHQDAA,GCSAHQDAA,GCSAHQDAA,0.000238,40
BoLA-2:02501,1,84,92,9,DEAKKAADE,DEAKKAADE,DEAKKAADE,0.000235,36
BoLA-2:02501,1,77,85,9,DEAKKAADE,DEAKKAADE,DEAKKAADE,0.000235,36
BoLA-2:02501,1,70,78,9,DEAKKAADE,DEAKKAADE,DEAKKAADE,0.000235,36
BoLA-2:02501,1,44,52,9,STAEQKAAD,STAEQKAAD,STAEQKAAD,0.000235,36
BoLA-1:02801,1,45,53,9,TAEQKAADA,TAEQKAADA,TAEQKAADA,0.000234,27
BoLA-1:02301,1,28,36,9,DSGKLTFEA,DSGKLTFEA,DSGKLTFEA,0.000232,43
BoLA-1:02301,1,15,23,9,GCSAHQDAA,GCSAHQDAA,GCSAHQDAA,0.000232,43
BoLA-T2c,1,9,17,9,LVALVAGCS,LVALVAGCS,LVALVAGCS,0.000228,52
BoLA-6:01401,1,40,48,9,TVDVSTAEQ,TVDVSTAEQ,TVDVSTAEQ,0.000227,42
BoLA-1:02301,1,23,31,9,APAAVDSGK,APAAVDSGK,APAAVDSGK,0.000225,44
BoLA-3:01701,1,27,35,9,VDSGKLTFE,VDSGKLTFE,VDSGKLTFE,0.000224,46
BoLA-6:01301,1,53,61,9,ALAVKKAYD,ALAVKKAYD,ALAVKKAYD,0.000223,29
BoLA-3:00101,1,51,59,9,ADALAVKKA,ADALAVKKA,ADALAVKKA,0.000223,33
BoLA-6:01401,1,55,63,9,AVKKAYDAE,AVKKAYDAE,AVKKAYDAE,0.000221,42
BoLA-2:02501,1,30,38,9,GKLTFEAGK,GKLTFEAGK,GKLTFEAGK,0.00022,37
BoLA-6:01301,1,64,72,9,LAKKAADEA,LAKKAADEA,LAKKAADEA,0.00022,29
BoLA-T7,1,59,67,9,AYDAELAKK,AYDAELAKK,AYDAELAKK,0.000219,43
BoLA-T7,1,29,37,9,SGKLTFEAG,SGKLTFEAG,SGKLTFEAG,0.000216,43
BoLA-T7,1,21,29,9,DAAPAAVDS,DAAPAAVDS,DAAPAAVDS,0.000211,43
BoLA-3:00101,1,6,14,9,VLSLVALVA,VLSLVALVA,VLSLVALVA,0.000207,34
BoLA-6:01401,1,39,47,9,VTVDVSTAE,VTVDVSTAE,VTVDVSTAE,0.000204,44
BoLA-1:02801,1,34,42,9,FEAGKVTVD,FEAGKVTVD,FEAGKVTVD,0.000202,28
BoLA-1:02301,1,40,48,9,TVDVSTAEQ,TVDVSTAEQ,TVDVSTAEQ,0.000201,45
BoLA-T7,1,55,63,9,AVKKAYDAE,AVKKAYDAE,AVKKAYDAE,0.000199,44
BoLA-2:01201,1,16,24,9,CSAHQDAAP,CSAHQDAAP,CSAHQDAAP,0.000198,49
BoLA-1:02801,1,54,62,9,LAVKKAYDA,LAVKKAYDA,LAVKKAYDA,0.000195,28
BoLA-6:01301,1,18,26,9,AHQDAAPAA,AHQDAAPAA,AHQDAAPAA,0.000193,30
BoLA-6:01301,1,6,14,9,VLSLVALVA,VLSLVALVA,VLSLVALVA,0.000188,30
BoLA-6:01301,1,32,40,9,LTFEAGKVT,LTFEAGKVT,LTFEAGKVT,0.000187,30
BoLA-1:02301,1,84,92,9,DEAKKAADE,DEAKKAADE,DEAKKAADE,0.000186,46
BoLA-1:02301,1,77,85,9,DEAKKAADE,DEAKKAADE,DEAKKAADE,0.000186,46
BoLA-1:02301,1,70,78,9,DEAKKAADE,DEAKKAADE,DEAKKAADE,0.000186,46
BoLA-1:00901,1,27,35,9,VDSGKLTFE,VDSGKLTFE,VDSGKLTFE,0.000185,43
BoLA-2:01801,1,44,52,9,STAEQKAAD,STAEQKAAD,STAEQKAAD,0.000184,39
BoLA-2:01801,1,22,30,9,AAPAAVDSG,AAPAAVDSG,AAPAAVDSG,0.000183,39
BoLA-3:00201,1,23,31,9,APAAVDSGK,APAAVDSGK,APAAVDSGK,0.000182,60
BoLA-1:00901,1,36,44,9,AGKVTVDVS,AGKVTVDVS,AGKVTVDVS,0.00018,44
BoLA-2:02501,1,21,29,9,DAAPAAVDS,DAAPAAVDS,DAAPAAVDS,0.000175,40
BoLA-1:00901,1,24,32,9,PAAVDSGKL,PAAVDSGKL,PAAVDSGKL,0.000175,44
BoLA-6:01301,1,81,89,9,KAADEAKKA,KAADEAKKA,KAADEAKKA,0.000173,31
BoLA-6:01301,1,74,82,9,KAADEAKKA,KAADEAKKA,KAADEAKKA,0.000173,31
BoLA-6:01301,1,67,75,9,KAADEAKKA,KAADEAKKA,KAADEAKKA,0.000173,31
BoLA-3:00201,1,86,94,9,AKKAADEAK,AKKAADEAK,AKKAADEAK,0.000173,61
BoLA-3:00201,1,79,87,9,AKKAADEAK,AKKAADEAK,AKKAADEAK,0.000173,61
BoLA-3:00201,1,72,80,9,AKKAADEAK,AKKAADEAK,AKKAADEAK,0.000173,61
BoLA-3:00201,1,65,73,9,AKKAADEAK,AKKAADEAK,AKKAADEAK,0.000173,61
BoLA-2:02501,1,62,70,9,AELAKKAAD,AELAKKAAD,AELAKKAAD,0.000172,40
BoLA-T7,1,63,71,9,ELAKKAADE,ELAKKAADE,ELAKKAADE,0.00017,46
BoLA-1:00901,1,35,43,9,EAGKVTVDV,EAGKVTVDV,EAGKVTVDV,0.000169,44
BoLA-2:01801,1,63,71,9,ELAKKAADE,ELAKKAADE,ELAKKAADE,0.000168,40
BoLA-3:00201,1,16,24,9,CSAHQDAAP,CSAHQDAAP,CSAHQDAAP,0.000168,61
BoLA-T2c,1,57,65,9,KKAYDAELA,KKAYDAELA,KKAYDAELA,0.000163,55
BoLA-1:02801,1,59,67,9,AYDAELAKK,AYDAELAKK,AYDAELAKK,0.000163,30
BoLA-2:02501,1,27,35,9,VDSGKLTFE,VDSGKLTFE,VDSGKLTFE,0.000162,41
BoLA-2:01201,1,24,32,9,PAAVDSGKL,PAAVDSGKL,PAAVDSGKL,0.000162,52
BoLA-2:01201,1,22,30,9,AAPAAVDSG,AAPAAVDSG,AAPAAVDSG,0.000162,52
BoLA-1:02801,1,36,44,9,AGKVTVDVS,AGKVTVDVS,AGKVTVDVS,0.000159,30
BoLA-1:02301,1,27,35,9,VDSGKLTFE,VDSGKLTFE,VDSGKLTFE,0.000158,48
BoLA-1:02301,1,14,22,9,AGCSAHQDA,AGCSAHQDA,AGCSAHQDA,0.000158,48
BoLA-6:01401,1,59,67,9,AYDAELAKK,AYDAELAKK,AYDAELAKK,0.000158,47
BoLA-6:01301,1,49,57,9,KAADALAVK,KAADALAVK,KAADALAVK,0.000157,32
BoLA-3:00201,1,63,71,9,ELAKKAADE,ELAKKAADE,ELAKKAADE,0.000153,63
BoLA-1:02301,1,35,43,9,EAGKVTVDV,EAGKVTVDV,EAGKVTVDV,0.000152,48
BoLA-6:01301,1,37,45,9,GKVTVDVST,GKVTVDVST,GKVTVDVST,0.000152,32
BoLA-6:01301,1,57,65,9,KKAYDAELA,KKAYDAELA,KKAYDAELA,0.000151,32
BoLA-3:00201,1,61,69,9,DAELAKKAA,DAELAKKAA,DAELAKKAA,0.000149,63
BoLA-2:01201,1,42,50,9,DVSTAEQKA,DVSTAEQKA,DVSTAEQKA,0.000149,54
BoLA-2:01801,1,11,19,9,ALVAGCSAH,ALVAGCSAH,ALVAGCSAH,0.000147,42
BoLA-2:02501,1,15,23,9,GCSAHQDAA,GCSAHQDAA,GCSAHQDAA,0.000146,42
BoLA-1:02801,1,85,93,9,EAKKAADEA,EAKKAADEA,EAKKAADEA,0.000146,31
BoLA-1:02801,1,78,86,9,EAKKAADEA,EAKKAADEA,EAKKAADEA,0.000146,31
BoLA-1:02801,1,71,79,9,EAKKAADEA,EAKKAADEA,EAKKAADEA,0.000146,31
BoLA-3:01701,1,34,42,9,FEAGKVTVD,FEAGKVTVD,FEAGKVTVD,0.000145,53
BoLA-1:00901,1,21,29,9,DAAPAAVDS,DAAPAAVDS,DAAPAAVDS,0.000143,47
BoLA-6:01301,1,82,90,9,AADEAKKAA,AADEAKKAA,AADEAKKAA,0.000141,33
BoLA-6:01301,1,75,83,9,AADEAKKAA,AADEAKKAA,AADEAKKAA,0.000141,33
BoLA-6:01301,1,68,76,9,AADEAKKAA,AADEAKKAA,AADEAKKAA,0.000141,33
BoLA-3:00201,1,53,61,9,ALAVKKAYD,ALAVKKAYD,ALAVKKAYD,0.00014,64
BoLA-6:01301,1,54,62,9,LAVKKAYDA,LAVKKAYDA,LAVKKAYDA,0.000139,33
BoLA-3:00201,1,21,29,9,DAAPAAVDS,DAAPAAVDS,DAAPAAVDS,0.000139,64
BoLA-6:01401,1,44,52,9,STAEQKAAD,STAEQKAAD,STAEQKAAD,0.000138,49
BoLA-6:01301,1,25,33,9,AAVDSGKLT,AAVDSGKLT,AAVDSGKLT,0.000138,33
BoLA-1:02801,1,55,63,9,AVKKAYDAE,AVKKAYDAE,AVKKAYDAE,0.000137,32
BoLA-2:01801,1,41,49,9,VDVSTAEQK,VDVSTAEQK,VDVSTAEQK,0.000136,43
BoLA-3:00101,1,15,23,9,GCSAHQDAA,GCSAHQDAA,GCSAHQDAA,0.000135,39
BoLA-1:00901,1,84,92,9,DEAKKAADE,DEAKKAADE,DEAKKAADE,0.000134,48
BoLA-1:00901,1,77,85,9,DEAKKAADE,DEAKKAADE,DEAKKAADE,0.000134,48
BoLA-1:00901,1,70,78,9,DEAKKAADE,DEAKKAADE,DEAKKAADE,0.000134,48
BoLA-2:01801,1,27,35,9,VDSGKLTFE,VDSGKLTFE,VDSGKLTFE,0.000133,43
BoLA-2:01801,1,8,16,9,SLVALVAGC,SLVALVAGC,SLVALVAGC,0.000133,43
BoLA-6:01401,1,53,61,9,ALAVKKAYD,ALAVKKAYD,ALAVKKAYD,0.000133,49
BoLA-2:02501,1,63,71,9,ELAKKAADE,ELAKKAADE,ELAKKAADE,0.000132,44
BoLA-T7,1,36,44,9,AGKVTVDVS,AGKVTVDVS,AGKVTVDVS,0.000132,49
BoLA-6:01401,1,16,24,9,CSAHQDAAP,CSAHQDAAP,CSAHQDAAP,0.000132,49
BoLA-6:01301,1,29,37,9,SGKLTFEAG,SGKLTFEAG,SGKLTFEAG,0.000131,33
BoLA-2:02501,1,12,20,9,LVAGCSAHQ,LVAGCSAHQ,LVAGCSAHQ,0.00013,44
BoLA-1:02801,1,43,51,9,VSTAEQKAA,VSTAEQKAA,VSTAEQKAA,0.000126,33
BoLA-1:02301,1,63,71,9,ELAKKAADE,ELAKKAADE,ELAKKAADE,0.000125,51
BoLA-2:01801,1,62,70,9,AELAKKAAD,AELAKKAAD,AELAKKAAD,0.000123,45
BoLA-1:02301,1,24,32,9,PAAVDSGKL,PAAVDSGKL,PAAVDSGKL,0.000123,51
BoLA-1:00901,1,14,22,9,AGCSAHQDA,AGCSAHQDA,AGCSAHQDA,0.000123,49
BoLA-1:00901,1,29,37,9,SGKLTFEAG,SGKLTFEAG,SGKLTFEAG,0.000122,49
BoLA-2:01801,1,15,23,9,GCSAHQDAA,GCSAHQDAA,GCSAHQDAA,0.000121,45
BoLA-1:00901,1,62,70,9,AELAKKAAD,AELAKKAAD,AELAKKAAD,0.000121,49
BoLA-2:01801,1,55,63,9,AVKKAYDAE,AVKKAYDAE,AVKKAYDAE,0.00012,45
BoLA-3:00201,1,12,20,9,LVAGCSAHQ,LVAGCSAHQ,LVAGCSAHQ,0.000119,67
BoLA-2:01801,1,57,65,9,KKAYDAELA,KKAYDAELA,KKAYDAELA,0.000118,45
BoLA-1:00901,1,63,71,9,ELAKKAADE,ELAKKAADE,ELAKKAADE,0.000116,49
BoLA-3:01701,1,87,95,9,KKAADEAKK,KKAADEAKK,KKAADEAKK,0.000113,57
BoLA-3:01701,1,80,88,9,KKAADEAKK,KKAADEAKK,KKAADEAKK,0.000113,57
BoLA-3:01701,1,73,81,9,KKAADEAKK,KKAADEAKK,KKAADEAKK,0.000113,57
BoLA-3:01701,1,66,74,9,KKAADEAKK,KKAADEAKK,KKAADEAKK,0.000113,57
BoLA-1:02301,1,12,20,9,LVAGCSAHQ,LVAGCSAHQ,LVAGCSAHQ,0.000113,52
BoLA-3:00101,1,61,69,9,DAELAKKAA,DAELAKKAA,DAELAKKAA,0.000113,42
BoLA-T2c,1,53,61,9,ALAVKKAYD,ALAVKKAYD,ALAVKKAYD,0.000111,59
BoLA-1:02301,1,53,61,9,ALAVKKAYD,ALAVKKAYD,ALAVKKAYD,0.000109,53
BoLA-2:01201,1,47,55,9,EQKAADALA,EQKAADALA,EQKAADALA,0.000109,58
BoLA-3:00101,1,11,19,9,ALVAGCSAH,ALVAGCSAH,ALVAGCSAH,0.000106,43
BoLA-2:01201,1,57,65,9,KKAYDAELA,KKAYDAELA,KKAYDAELA,0.000104,59
BoLA-1:02801,1,29,37,9,SGKLTFEAG,SGKLTFEAG,SGKLTFEAG,0.000103,35
BoLA-1:02801,1,15,23,9,GCSAHQDAA,GCSAHQDAA,GCSAHQDAA,0.000103,35
BoLA-3:00101,1,42,50,9,DVSTAEQKA,DVSTAEQKA,DVSTAEQKA,0.000103,43
BoLA-2:01801,1,12,20,9,LVAGCSAHQ,LVAGCSAHQ,LVAGCSAHQ,0.000102,47
BoLA-3:00101,1,16,24,9,CSAHQDAAP,CSAHQDAAP,CSAHQDAAP,0.000102,43
BoLA-T2c,1,86,94,9,AKKAADEAK,AKKAADEAK,AKKAADEAK,0.000101,60
BoLA-T2c,1,79,87,9,AKKAADEAK,AKKAADEAK,AKKAADEAK,0.000101,60
BoLA-T2c,1,72,80,9,AKKAADEAK,AKKAADEAK,AKKAADEAK,0.000101,60
BoLA-T2c,1,65,73,9,AKKAADEAK,AKKAADEAK,AKKAADEAK,0.000101,60
BoLA-1:02301,1,22,30,9,AAPAAVDSG,AAPAAVDSG,AAPAAVDSG,0.000101,54
BoLA-3:00201,1,30,38,9,GKLTFEAGK,GKLTFEAGK,GKLTFEAGK,0.000101,69
BoLA-2:01801,1,86,94,9,AKKAADEAK,AKKAADEAK,AKKAADEAK,0.0001,48
BoLA-2:01801,1,79,87,9,AKKAADEAK,AKKAADEAK,AKKAADEAK,0.0001,48
BoLA-2:01801,1,72,80,9,AKKAADEAK,AKKAADEAK,AKKAADEAK,0.0001,48
BoLA-2:01801,1,65,73,9,AKKAADEAK,AKKAADEAK,AKKAADEAK,0.0001,48
BoLA-1:00901,1,53,61,9,ALAVKKAYD,ALAVKKAYD,ALAVKKAYD,0.0001,52
BoLA-T2c,1,37,45,9,GKVTVDVST,GKVTVDVST,GKVTVDVST,9.7e-05,60
BoLA-2:01201,1,61,69,9,DAELAKKAA,DAELAKKAA,DAELAKKAA,9.7e-05,60
BoLA-T7,1,51,59,9,ADALAVKKA,ADALAVKKA,ADALAVKKA,9.5e-05,53
BoLA-6:01301,1,24,32,9,PAAVDSGKL,PAAVDSGKL,PAAVDSGKL,9.4e-05,36
BoLA-3:00101,1,40,48,9,TVDVSTAEQ,TVDVSTAEQ,TVDVSTAEQ,9.4e-05,44
BoLA-1:02801,1,40,48,9,TVDVSTAEQ,TVDVSTAEQ,TVDVSTAEQ,9.3e-05,36
BoLA-2:01801,1,59,67,9,AYDAELAKK,AYDAELAKK,AYDAELAKK,9.1e-05,49
BoLA-6:01301,1,62,70,9,AELAKKAAD,AELAKKAAD,AELAKKAAD,9.1e-05,37
BoLA-3:00101,1,34,42,9,FEAGKVTVD,FEAGKVTVD,FEAGKVTVD,9e-05,45
BoLA-3:01701,1,53,61,9,ALAVKKAYD,ALAVKKAYD,ALAVKKAYD,8.9e-05,60
BoLA-6:01301,1,52,60,9,DALAVKKAY,DALAVKKAY,DALAVKKAY,8.9e-05,37
BoLA-2:01201,1,9,17,9,LVALVAGCS,LVALVAGCS,LVALVAGCS,8.9e-05,61
BoLA-T2c,1,84,92,9,DEAKKAADE,DEAKKAADE,DEAKKAADE,8.8e-05,61
BoLA-T2c,1,77,85,9,DEAKKAADE,DEAKKAADE,DEAKKAADE,8.8e-05,61
BoLA-T2c,1,70,78,9,DEAKKAADE,DEAKKAADE,DEAKKAADE,8.8e-05,61
BoLA-T2c,1,36,44,9,AGKVTVDVS,AGKVTVDVS,AGKVTVDVS,8.5e-05,62
BoLA-1:02801,1,42,50,9,DVSTAEQKA,DVSTAEQKA,DVSTAEQKA,8.5e-05,37
BoLA-2:02501,1,53,61,9,ALAVKKAYD,ALAVKKAYD,ALAVKKAYD,8.2e-05,51
BoLA-1:02801,1,62,70,9,AELAKKAAD,AELAKKAAD,AELAKKAAD,8.2e-05,37
BoLA-3:00101,1,21,29,9,DAAPAAVDS,DAAPAAVDS,DAAPAAVDS,8.2e-05,46
BoLA-1:02801,1,61,69,9,DAELAKKAA,DAELAKKAA,DAELAKKAA,8e-05,38
BoLA-3:00101,1,57,65,9,KKAYDAELA,KKAYDAELA,KKAYDAELA,8e-05,47
BoLA-3:00101,1,44,52,9,STAEQKAAD,STAEQKAAD,STAEQKAAD,8e-05,47
BoLA-2:01201,1,37,45,9,GKVTVDVST,GKVTVDVST,GKVTVDVST,8e-05,63
BoLA-T2c,1,27,35,9,VDSGKLTFE,VDSGKLTFE,VDSGKLTFE,7.9e-05,63
BoLA-1:02801,1,39,47,9,VTVDVSTAE,VTVDVSTAE,VTVDVSTAE,7.8e-05,38
BoLA-1:02301,1,44,52,9,STAEQKAAD,STAEQKAAD,STAEQKAAD,7.8e-05,57
BoLA-1:02801,1,28,36,9,DSGKLTFEA,DSGKLTFEA,DSGKLTFEA,7.5e-05,38
BoLA-6:01301,1,35,43,9,EAGKVTVDV,EAGKVTVDV,EAGKVTVDV,7.4e-05,39
BoLA-3:00201,1,84,92,9,DEAKKAADE,DEAKKAADE,DEAKKAADE,7.4e-05,74
BoLA-3:00201,1,77,85,9,DEAKKAADE,DEAKKAADE,DEAKKAADE,7.4e-05,74
BoLA-3:00201,1,70,78,9,DEAKKAADE,DEAKKAADE,DEAKKAADE,7.4e-05,74
BoLA-2:01201,1,15,23,9,GCSAHQDAA,GCSAHQDAA,GCSAHQDAA,7.4e-05,64
BoLA-6:01301,1,85,93,9,EAKKAADEA,EAKKAADEA,EAKKAADEA,7.3e-05,39
BoLA-6:01301,1,78,86,9,EAKKAADEA,EAKKAADEA,EAKKAADEA,7.3e-05,39
BoLA-6:01301,1,71,79,9,EAKKAADEA,EAKKAADEA,EAKKAADEA,7.3e-05,39
BoLA-1:02801,1,41,49,9,VDVSTAEQK,VDVSTAEQK,VDVSTAEQK,7.2e-05,39
BoLA-3:00101,1,7,15,9,LSLVALVAG,LSLVALVAG,LSLVALVAG,7.2e-05,48
BoLA-2:01801,1,20,28,9,QDAAPAAVD,QDAAPAAVD,QDAAPAAVD,6.9e-05,53
BoLA-3:00101,1,41,49,9,VDVSTAEQK,VDVSTAEQK,VDVSTAEQK,6.6e-05,50
BoLA-3:00201,1,62,70,9,AELAKKAAD,AELAKKAAD,AELAKKAAD,6.5e-05,76
BoLA-1:00901,1,16,24,9,CSAHQDAAP,CSAHQDAAP,CSAHQDAAP,6.5e-05,58
BoLA-6:01301,1,10,18,9,VALVAGCSA,VALVAGCSA,VALVAGCSA,6.4e-05,40
BoLA-3:00201,1,13,21,9,VAGCSAHQD,VAGCSAHQD,VAGCSAHQD,6.4e-05,76
BoLA-3:00201,1,87,95,9,KKAADEAKK,KKAADEAKK,KKAADEAKK,6.2e-05,76
BoLA-3:00201,1,80,88,9,KKAADEAKK,KKAADEAKK,KKAADEAKK,6.2e-05,76
BoLA-3:00201,1,73,81,9,KKAADEAKK,KKAADEAKK,KKAADEAKK,6.2e-05,76
BoLA-3:00201,1,66,74,9,KKAADEAKK,KKAADEAKK,KKAADEAKK,6.2e-05,76
BoLA-T7,1,53,61,9,ALAVKKAYD,ALAVKKAYD,ALAVKKAYD,6.1e-05,58
BoLA-6:01301,1,36,44,9,AGKVTVDVS,AGKVTVDVS,AGKVTVDVS,6.1e-05,41
BoLA-3:01701,1,62,70,9,AELAKKAAD,AELAKKAAD,AELAKKAAD,6e-05,66
BoLA-1:00901,1,22,30,9,AAPAAVDSG,AAPAAVDSG,AAPAAVDSG,5.9e-05,59
BoLA-2:02501,1,20,28,9,QDAAPAAVD,QDAAPAAVD,QDAAPAAVD,5.8e-05,56
BoLA-2:01801,1,16,24,9,CSAHQDAAP,CSAHQDAAP,CSAHQDAAP,5.8e-05,56
BoLA-6:01301,1,60,68,9,YDAELAKKA,YDAELAKKA,YDAELAKKA,5.8e-05,41
BoLA-3:00101,1,55,63,9,AVKKAYDAE,AVKKAYDAE,AVKKAYDAE,5.8e-05,52
BoLA-1:02801,1,27,35,9,VDSGKLTFE,VDSGKLTFE,VDSGKLTFE,5.6e-05,42
BoLA-1:02801,1,23,31,9,APAAVDSGK,APAAVDSGK,APAAVDSGK,5.6e-05,42
BoLA-1:02801,1,14,22,9,AGCSAHQDA,AGCSAHQDA,AGCSAHQDA,5.6e-05,42
BoLA-T7,1,57,65,9,KKAYDAELA,KKAYDAELA,KKAYDAELA,5.6e-05,59
BoLA-2:01801,1,30,38,9,GKLTFEAGK,GKLTFEAGK,GKLTFEAGK,5.5e-05,57
BoLA-1:02301,1,21,29,9,DAAPAAVDS,DAAPAAVDS,DAAPAAVDS,5.4e-05,62
BoLA-6:01301,1,87,95,9,KKAADEAKK,KKAADEAKK,KKAADEAKK,5.4e-05,42
BoLA-6:01301,1,80,88,9,KKAADEAKK,KKAADEAKK,KKAADEAKK,5.4e-05,42
BoLA-6:01301,1,73,81,9,KKAADEAKK,KKAADEAKK,KKAADEAKK,5.4e-05,42
BoLA-6:01301,1,66,74,9,KKAADEAKK,KKAADEAKK,KKAADEAKK,5.4e-05,42
BoLA-T2c,1,7,15,9,LSLVALVAG,LSLVALVAG,LSLVALVAG,5.2e-05,67
BoLA-T2c,1,14,22,9,AGCSAHQDA,AGCSAHQDA,AGCSAHQDA,5.1e-05,67
BoLA-3:01701,1,30,38,9,GKLTFEAGK,GKLTFEAGK,GKLTFEAGK,5.1e-05,68
BoLA-2:01801,1,37,45,9,GKVTVDVST,GKVTVDVST,GKVTVDVST,5e-05,58
BoLA-6:01301,1,50,58,9,AADALAVKK,AADALAVKK,AADALAVKK,5e-05,43
BoLA-3:01701,1,63,71,9,ELAKKAADE,ELAKKAADE,ELAKKAADE,4.9e-05,69
BoLA-3:00101,1,37,45,9,GKVTVDVST,GKVTVDVST,GKVTVDVST,4.9e-05,54
BoLA-2:01801,1,53,61,9,ALAVKKAYD,ALAVKKAYD,ALAVKKAYD,4.7e-05,59
BoLA-3:00201,1,9,17,9,LVALVAGCS,LVALVAGCS,LVALVAGCS,4.7e-05,80
BoLA-3:01701,1,12,20,9,LVAGCSAHQ,LVAGCSAHQ,LVAGCSAHQ,4.6e-05,70
BoLA-3:01701,1,9,17,9,LVALVAGCS,LVALVAGCS,LVALVAGCS,4.4e-05,70
BoLA-2:01801,1,13,21,9,VAGCSAHQD,VAGCSAHQD,VAGCSAHQD,4.3e-05,60
BoLA-2:02501,1,16,24,9,CSAHQDAAP,CSAHQDAAP,CSAHQDAAP,4.2e-05,61
BoLA-3:01701,1,84,92,9,DEAKKAADE,DEAKKAADE,DEAKKAADE,4.2e-05,71
BoLA-3:01701,1,77,85,9,DEAKKAADE,DEAKKAADE,DEAKKAADE,4.2e-05,71
BoLA-3:01701,1,70,78,9,DEAKKAADE,DEAKKAADE,DEAKKAADE,4.2e-05,71
BoLA-3:01701,1,20,28,9,QDAAPAAVD,QDAAPAAVD,QDAAPAAVD,4.2e-05,71
BoLA-6:01301,1,51,59,9,ADALAVKKA,ADALAVKKA,ADALAVKKA,3.9e-05,46
BoLA-3:00101,1,59,67,9,AYDAELAKK,AYDAELAKK,AYDAELAKK,3.9e-05,58
BoLA-2:01201,1,63,71,9,ELAKKAADE,ELAKKAADE,ELAKKAADE,3.9e-05,73
BoLA-1:00901,1,7,15,9,LSLVALVAG,LSLVALVAG,LSLVALVAG,3.8e-05,65
BoLA-T7,1,14,22,9,AGCSAHQDA,AGCSAHQDA,AGCSAHQDA,3.6e-05,65
BoLA-2:01201,1,53,61,9,ALAVKKAYD,ALAVKKAYD,ALAVKKAYD,3.6e-05,74
BoLA-3:00101,1,27,35,9,VDSGKLTFE,VDSGKLTFE,VDSGKLTFE,3.5e-05,59
BoLA-2:01201,1,13,21,9,VAGCSAHQD,VAGCSAHQD,VAGCSAHQD,3.5e-05,74
BoLA-1:02301,1,7,15,9,LSLVALVAG,LSLVALVAG,LSLVALVAG,3.4e-05,67
BoLA-2:02501,1,7,15,9,LSLVALVAG,LSLVALVAG,LSLVALVAG,3.3e-05,64
BoLA-T7,1,86,94,9,AKKAADEAK,AKKAADEAK,AKKAADEAK,3.2e-05,66
BoLA-T7,1,79,87,9,AKKAADEAK,AKKAADEAK,AKKAADEAK,3.2e-05,66
BoLA-T7,1,72,80,9,AKKAADEAK,AKKAADEAK,AKKAADEAK,3.2e-05,66
BoLA-T7,1,65,73,9,AKKAADEAK,AKKAADEAK,AKKAADEAK,3.2e-05,66
BoLA-T7,1,37,45,9,GKVTVDVST,GKVTVDVST,GKVTVDVST,3.2e-05,66
BoLA-1:00901,1,9,17,9,LVALVAGCS,LVALVAGCS,LVALVAGCS,3.1e-05,67
BoLA-1:02801,1,84,92,9,DEAKKAADE,DEAKKAADE,DEAKKAADE,2.9e-05,50
BoLA-1:02801,1,77,85,9,DEAKKAADE,DEAKKAADE,DEAKKAADE,2.9e-05,50
BoLA-1:02801,1,70,78,9,DEAKKAADE,DEAKKAADE,DEAKKAADE,2.9e-05,50
BoLA-T7,1,84,92,9,DEAKKAADE,DEAKKAADE,DEAKKAADE,2.9e-05,68
BoLA-T7,1,77,85,9,DEAKKAADE,DEAKKAADE,DEAKKAADE,2.9e-05,68
BoLA-T7,1,70,78,9,DEAKKAADE,DEAKKAADE,DEAKKAADE,2.9e-05,68
BoLA-2:01801,1,87,95,9,KKAADEAKK,KKAADEAKK,KKAADEAKK,2.9e-05,66
BoLA-2:01801,1,80,88,9,KKAADEAKK,KKAADEAKK,KKAADEAKK,2.9e-05,66
BoLA-2:01801,1,73,81,9,KKAADEAKK,KKAADEAKK,KKAADEAKK,2.9e-05,66
BoLA-2:01801,1,66,74,9,KKAADEAKK,KKAADEAKK,KKAADEAKK,2.9e-05,66
BoLA-6:01301,1,28,36,9,DSGKLTFEA,DSGKLTFEA,DSGKLTFEA,2.9e-05,49
BoLA-3:00101,1,86,94,9,AKKAADEAK,AKKAADEAK,AKKAADEAK,2.9e-05,62
BoLA-3:00101,1,79,87,9,AKKAADEAK,AKKAADEAK,AKKAADEAK,2.9e-05,62
BoLA-3:00101,1,72,80,9,AKKAADEAK,AKKAADEAK,AKKAADEAK,2.9e-05,62
BoLA-3:00101,1,65,73,9,AKKAADEAK,AKKAADEAK,AKKAADEAK,2.9e-05,62
BoLA-3:00101,1,23,31,9,APAAVDSGK,APAAVDSGK,APAAVDSGK,2.8e-05,63
BoLA-1:02301,1,16,24,9,CSAHQDAAP,CSAHQDAAP,CSAHQDAAP,2.7e-05,70
BoLA-3:00101,1,63,71,9,ELAKKAADE,ELAKKAADE,ELAKKAADE,2.7e-05,64
BoLA-6:01301,1,34,42,9,FEAGKVTVD,FEAGKVTVD,FEAGKVTVD,2.6e-05,50
BoLA-2:02501,1,13,21,9,VAGCSAHQD,VAGCSAHQD,VAGCSAHQD,2.4e-05,69
BoLA-6:01301,1,45,53,9,TAEQKAADA,TAEQKAADA,TAEQKAADA,2.4e-05,51
BoLA-3:00101,1,30,38,9,GKLTFEAGK,GKLTFEAGK,GKLTFEAGK,2.4e-05,65
BoLA-1:02801,1,22,30,9,AAPAAVDSG,AAPAAVDSG,AAPAAVDSG,2.3e-05,53
BoLA-T7,1,9,17,9,LVALVAGCS,LVALVAGCS,LVALVAGCS,2.3e-05,71
BoLA-2:01801,1,83,91,9,ADEAKKAAD,ADEAKKAAD,ADEAKKAAD,2.3e-05,69
BoLA-2:01801,1,76,84,9,ADEAKKAAD,ADEAKKAAD,ADEAKKAAD,2.3e-05,69
BoLA-2:01801,1,69,77,9,ADEAKKAAD,ADEAKKAAD,ADEAKKAAD,2.3e-05,69
BoLA-6:01301,1,44,52,9,STAEQKAAD,STAEQKAAD,STAEQKAAD,2.3e-05,52
BoLA-3:00101,1,12,20,9,LVAGCSAHQ,LVAGCSAHQ,LVAGCSAHQ,2.3e-05,66
BoLA-T2c,1,30,38,9,GKLTFEAGK,GKLTFEAGK,GKLTFEAGK,2.2e-05,76
BoLA-6:01301,1,39,47,9,VTVDVSTAE,VTVDVSTAE,VTVDVSTAE,2.2e-05,52
BoLA-T7,1,41,49,9,VDVSTAEQK,VDVSTAEQK,VDVSTAEQK,2.1e-05,72
BoLA-2:01801,1,9,17,9,LVALVAGCS,LVALVAGCS,LVALVAGCS,2.1e-05,70
BoLA-6:01301,1,63,71,9,ELAKKAADE,ELAKKAADE,ELAKKAADE,2.1e-05,53
BoLA-6:01301,1,30,38,9,GKLTFEAGK,GKLTFEAGK,GKLTFEAGK,2.1e-05,53
BoLA-2:01201,1,34,42,9,FEAGKVTVD,FEAGKVTVD,FEAGKVTVD,2.1e-05,80
BoLA-T7,1,7,15,9,LSLVALVAG,LSLVALVAG,LSLVALVAG,1.9e-05,73
BoLA-6:01301,1,43,51,9,VSTAEQKAA,VSTAEQKAA,VSTAEQKAA,1.9e-05,54
BoLA-3:00101,1,87,95,9,KKAADEAKK,KKAADEAKK,KKAADEAKK,1.9e-05,69
BoLA-3:00101,1,80,88,9,KKAADEAKK,KKAADEAKK,KKAADEAKK,1.9e-05,69
BoLA-3:00101,1,73,81,9,KKAADEAKK,KKAADEAKK,KKAADEAKK,1.9e-05,69
BoLA-3:00101,1,66,74,9,KKAADEAKK,KKAADEAKK,KKAADEAKK,1.9e-05,69
BoLA-T2c,1,13,21,9,VAGCSAHQD,VAGCSAHQD,VAGCSAHQD,1.8e-05,78
BoLA-6:01401,1,7,15,9,LSLVALVAG,LSLVALVAG,LSLVALVAG,1.8e-05,76
BoLA-1:02801,1,12,20,9,LVAGCSAHQ,LVAGCSAHQ,LVAGCSAHQ,1.6e-05,58
BoLA-1:02301,1,20,28,9,QDAAPAAVD,QDAAPAAVD,QDAAPAAVD,1.6e-05,77
BoLA-1:02301,1,9,17,9,LVALVAGCS,LVALVAGCS,LVALVAGCS,1.6e-05,77
BoLA-3:00201,1,20,28,9,QDAAPAAVD,QDAAPAAVD,QDAAPAAVD,1.6e-05,92
BoLA-2:01201,1,62,70,9,AELAKKAAD,AELAKKAAD,AELAKKAAD,1.6e-05,83
BoLA-6:01301,1,84,92,9,DEAKKAADE,DEAKKAADE,DEAKKAADE,1.5e-05,57
BoLA-6:01301,1,77,85,9,DEAKKAADE,DEAKKAADE,DEAKKAADE,1.5e-05,57
BoLA-6:01301,1,70,78,9,DEAKKAADE,DEAKKAADE,DEAKKAADE,1.5e-05,57
BoLA-6:01301,1,59,67,9,AYDAELAKK,AYDAELAKK,AYDAELAKK,1.5e-05,57
BoLA-T2c,1,87,95,9,KKAADEAKK,KKAADEAKK,KKAADEAKK,1.4e-05,80
BoLA-T2c,1,80,88,9,KKAADEAKK,KKAADEAKK,KKAADEAKK,1.4e-05,80
BoLA-T2c,1,73,81,9,KKAADEAKK,KKAADEAKK,KKAADEAKK,1.4e-05,80
BoLA-T2c,1,66,74,9,KKAADEAKK,KKAADEAKK,KKAADEAKK,1.4e-05,80
BoLA-1:02801,1,16,24,9,CSAHQDAAP,CSAHQDAAP,CSAHQDAAP,1.4e-05,59
BoLA-T7,1,87,95,9,KKAADEAKK,KKAADEAKK,KKAADEAKK,1.4e-05,76
BoLA-T7,1,80,88,9,KKAADEAKK,KKAADEAKK,KKAADEAKK,1.4e-05,76
BoLA-T7,1,73,81,9,KKAADEAKK,KKAADEAKK,KKAADEAKK,1.4e-05,76
BoLA-T7,1,66,74,9,KKAADEAKK,KKAADEAKK,KKAADEAKK,1.4e-05,76
BoLA-T7,1,34,42,9,FEAGKVTVD,FEAGKVTVD,FEAGKVTVD,1.4e-05,76
BoLA-3:00101,1,53,61,9,ALAVKKAYD,ALAVKKAYD,ALAVKKAYD,1.4e-05,73
BoLA-3:00101,1,13,21,9,VAGCSAHQD,VAGCSAHQD,VAGCSAHQD,1.4e-05,73
BoLA-1:02801,1,44,52,9,STAEQKAAD,STAEQKAAD,STAEQKAAD,1.3e-05,60
BoLA-1:02801,1,21,29,9,DAAPAAVDS,DAAPAAVDS,DAAPAAVDS,1.3e-05,60
BoLA-T7,1,27,35,9,VDSGKLTFE,VDSGKLTFE,VDSGKLTFE,1.3e-05,77
BoLA-3:01701,1,83,91,9,ADEAKKAAD,ADEAKKAAD,ADEAKKAAD,1.3e-05,85
BoLA-3:01701,1,76,84,9,ADEAKKAAD,ADEAKKAAD,ADEAKKAAD,1.3e-05,85
BoLA-3:01701,1,69,77,9,ADEAKKAAD,ADEAKKAAD,ADEAKKAAD,1.3e-05,85
BoLA-3:00101,1,20,28,9,QDAAPAAVD,QDAAPAAVD,QDAAPAAVD,1.3e-05,74
BoLA-T2c,1,62,70,9,AELAKKAAD,AELAKKAAD,AELAKKAAD,1.2e-05,81
BoLA-T2c,1,20,28,9,QDAAPAAVD,QDAAPAAVD,QDAAPAAVD,1.2e-05,81
BoLA-2:02501,1,83,91,9,ADEAKKAAD,ADEAKKAAD,ADEAKKAAD,1.2e-05,78
BoLA-2:02501,1,76,84,9,ADEAKKAAD,ADEAKKAAD,ADEAKKAAD,1.2e-05,78
BoLA-2:02501,1,69,77,9,ADEAKKAAD,ADEAKKAAD,ADEAKKAAD,1.2e-05,78
BoLA-6:01301,1,15,23,9,GCSAHQDAA,GCSAHQDAA,GCSAHQDAA,1.2e-05,60
BoLA-3:00101,1,84,92,9,DEAKKAADE,DEAKKAADE,DEAKKAADE,1.2e-05,76
BoLA-3:00101,1,77,85,9,DEAKKAADE,DEAKKAADE,DEAKKAADE,1.2e-05,76
BoLA-3:00101,1,70,78,9,DEAKKAADE,DEAKKAADE,DEAKKAADE,1.2e-05,76
BoLA-2:01201,1,84,92,9,DEAKKAADE,DEAKKAADE,DEAKKAADE,1.2e-05,86
BoLA-2:01201,1,77,85,9,DEAKKAADE,DEAKKAADE,DEAKKAADE,1.2e-05,86
BoLA-2:01201,1,70,78,9,DEAKKAADE,DEAKKAADE,DEAKKAADE,1.2e-05,86
BoLA-2:01201,1,20,28,9,QDAAPAAVD,QDAAPAAVD,QDAAPAAVD,1.2e-05,86
BoLA-1:00901,1,20,28,9,QDAAPAAVD,QDAAPAAVD,QDAAPAAVD,1.2e-05,79
BoLA-6:01301,1,22,30,9,AAPAAVDSG,AAPAAVDSG,AAPAAVDSG,1.1e-05,61
BoLA-3:00201,1,83,91,9,ADEAKKAAD,ADEAKKAAD,ADEAKKAAD,1.1e-05,94
BoLA-3:00201,1,76,84,9,ADEAKKAAD,ADEAKKAAD,ADEAKKAAD,1.1e-05,94
BoLA-3:00201,1,69,77,9,ADEAKKAAD,ADEAKKAAD,ADEAKKAAD,1.1e-05,94
BoLA-3:00101,1,62,70,9,AELAKKAAD,AELAKKAAD,AELAKKAAD,1.1e-05,77
BoLA-6:01401,1,12,20,9,LVAGCSAHQ,LVAGCSAHQ,LVAGCSAHQ,1e-05,82
BoLA-T7,1,13,21,9,VAGCSAHQD,VAGCSAHQD,VAGCSAHQD,9e-06,81
BoLA-6:01401,1,9,17,9,LVALVAGCS,LVALVAGCS,LVALVAGCS,9e-06,84
BoLA-6:01301,1,41,49,9,VDVSTAEQK,VDVSTAEQK,VDVSTAEQK,9e-06,63
BoLA-2:02501,1,9,17,9,LVALVAGCS,LVALVAGCS,LVALVAGCS,8e-06,84
BoLA-1:02801,1,53,61,9,ALAVKKAYD,ALAVKKAYD,ALAVKKAYD,8e-06,67
BoLA-T7,1,30,38,9,GKLTFEAGK,GKLTFEAGK,GKLTFEAGK,8e-06,82
BoLA-6:01401,1,13,21,9,VAGCSAHQD,VAGCSAHQD,VAGCSAHQD,8e-06,85
BoLA-6:01301,1,40,48,9,TVDVSTAEQ,TVDVSTAEQ,TVDVSTAEQ,8e-06,65
BoLA-6:01301,1,12,20,9,LVAGCSAHQ,LVAGCSAHQ,LVAGCSAHQ,8e-06,65
BoLA-3:00101,1,83,91,9,ADEAKKAAD,ADEAKKAAD,ADEAKKAAD,8e-06,81
BoLA-3:00101,1,76,84,9,ADEAKKAAD,ADEAKKAAD,ADEAKKAAD,8e-06,81
BoLA-3:00101,1,69,77,9,ADEAKKAAD,ADEAKKAAD,ADEAKKAAD,8e-06,81
BoLA-1:02801,1,63,71,9,ELAKKAADE,ELAKKAADE,ELAKKAADE,7e-06,68
BoLA-1:02301,1,83,91,9,ADEAKKAAD,ADEAKKAAD,ADEAKKAAD,7e-06,86
BoLA-1:02301,1,76,84,9,ADEAKKAAD,ADEAKKAAD,ADEAKKAAD,7e-06,86
BoLA-1:02301,1,69,77,9,ADEAKKAAD,ADEAKKAAD,ADEAKKAAD,7e-06,86
BoLA-6:01301,1,27,35,9,VDSGKLTFE,VDSGKLTFE,VDSGKLTFE,7e-06,67
BoLA-1:02801,1,20,28,9,QDAAPAAVD,QDAAPAAVD,QDAAPAAVD,6e-06,70
BoLA-2:01801,1,7,15,9,LSLVALVAG,LSLVALVAG,LSLVALVAG,6e-06,86
BoLA-T7,1,20,28,9,QDAAPAAVD,QDAAPAAVD,QDAAPAAVD,5e-06,87
BoLA-6:01301,1,23,31,9,APAAVDSGK,APAAVDSGK,APAAVDSGK,5e-06,71
BoLA-6:01301,1,14,22,9,AGCSAHQDA,AGCSAHQDA,AGCSAHQDA,5e-06,71
BoLA-1:00901,1,13,21,9,VAGCSAHQD,VAGCSAHQD,VAGCSAHQD,5e-06,88
BoLA-1:02801,1,9,17,9,LVALVAGCS,LVALVAGCS,LVALVAGCS,4e-06,75
BoLA-1:02301,1,13,21,9,VAGCSAHQD,VAGCSAHQD,VAGCSAHQD,4e-06,91
BoLA-6:01301,1,61,69,9,DAELAKKAA,DAELAKKAA,DAELAKKAA,4e-06,74
BoLA-6:01301,1,42,50,9,DVSTAEQKA,DVSTAEQKA,DVSTAEQKA,4e-06,74
BoLA-6:01301,1,16,24,9,CSAHQDAAP,CSAHQDAAP,CSAHQDAAP,4e-06,74
BoLA-6:01301,1,7,15,9,LSLVALVAG,LSLVALVAG,LSLVALVAG,4e-06,74
BoLA-3:00101,1,9,17,9,LVALVAGCS,LVALVAGCS,LVALVAGCS,4e-06,89
BoLA-2:01201,1,83,91,9,ADEAKKAAD,ADEAKKAAD,ADEAKKAAD,4e-06,95
BoLA-2:01201,1,76,84,9,ADEAKKAAD,ADEAKKAAD,ADEAKKAAD,4e-06,95
BoLA-2:01201,1,69,77,9,ADEAKKAAD,ADEAKKAAD,ADEAKKAAD,4e-06,95
BoLA-T2c,1,83,91,9,ADEAKKAAD,ADEAKKAAD,ADEAKKAAD,3e-06,92
BoLA-T2c,1,76,84,9,ADEAKKAAD,ADEAKKAAD,ADEAKKAAD,3e-06,92
BoLA-T2c,1,69,77,9,ADEAKKAAD,ADEAKKAAD,ADEAKKAAD,3e-06,92
BoLA-T7,1,83,91,9,ADEAKKAAD,ADEAKKAAD,ADEAKKAAD,3e-06,92
BoLA-T7,1,76,84,9,ADEAKKAAD,ADEAKKAAD,ADEAKKAAD,3e-06,92
BoLA-T7,1,69,77,9,ADEAKKAAD,ADEAKKAAD,ADEAKKAAD,3e-06,92
BoLA-T7,1,62,70,9,AELAKKAAD,AELAKKAAD,AELAKKAAD,3e-06,92
BoLA-6:01301,1,83,91,9,ADEAKKAAD,ADEAKKAAD,ADEAKKAAD,3e-06,78
BoLA-6:01301,1,76,84,9,ADEAKKAAD,ADEAKKAAD,ADEAKKAAD,3e-06,78
BoLA-6:01301,1,69,77,9,ADEAKKAAD,ADEAKKAAD,ADEAKKAAD,3e-06,78
BoLA-1:00901,1,83,91,9,ADEAKKAAD,ADEAKKAAD,ADEAKKAAD,3e-06,92
BoLA-1:00901,1,76,84,9,ADEAKKAAD,ADEAKKAAD,ADEAKKAAD,3e-06,92
BoLA-1:00901,1,69,77,9,ADEAKKAAD,ADEAKKAAD,ADEAKKAAD,3e-06,92
BoLA-1:02801,1,83,91,9,ADEAKKAAD,ADEAKKAAD,ADEAKKAAD,2e-06,83
BoLA-1:02801,1,76,84,9,ADEAKKAAD,ADEAKKAAD,ADEAKKAAD,2e-06,83
BoLA-1:02801,1,69,77,9,ADEAKKAAD,ADEAKKAAD,ADEAKKAAD,2e-06,83
BoLA-1:02801,1,7,15,9,LSLVALVAG,LSLVALVAG,LSLVALVAG,2e-06,83
BoLA-1:02801,1,13,21,9,VAGCSAHQD,VAGCSAHQD,VAGCSAHQD,1e-06,92
BoLA-6:01301,1,21,29,9,DAAPAAVDS,DAAPAAVDS,DAAPAAVDS,1e-06,92
BoLA-6:01301,1,20,28,9,QDAAPAAVD,QDAAPAAVD,QDAAPAAVD,1e-06,92
BoLA-6:01301,1,9,17,9,LVALVAGCS,LVALVAGCS,LVALVAGCS,1e-06,92
BoLA-6:01301,1,13,21,9,VAGCSAHQD,VAGCSAHQD,VAGCSAHQD,0.0,100
